Iteration,0,1,2,3,4,5,6,7,8,9
1,31,20,26,27,25,20,21,23,22,31
2,47,19,15,25,24,38,26,16,14,14
3,49,38,25,28,40,100,41,40,24,27
4,148,19,16,22,24,57,15,18,16,16
5,132,36,32,25,52,146,23,33,33,40
6,139,19,28,16,24,209,31,34,40,22
7,235,29,34,28,32,36,38,33,34,39
8,117,44,49,42,41,75,42,30,37,45
9,227,14,26,26,20,84,23,19,19,35
10,59,32,50,25,66,68,41,48,56,41
11,41,18,38,24,30,48,29,24,29,31
12,38,37,33,47,39,108,52,48,50,46
13,121,31,43,53,43,58,46,42,34,46
14,108,62,55,17,31,72,29,36,41,33
15,115,18,18,33,44,62,35,20,19,33
16,81,26,38,35,33,74,28,31,28,33
17,33,30,41,36,42,116,36,20,35,23
18,57,41,47,48,31,88,32,30,25,31
19,43,42,49,38,28,66,31,34,36,32
20,71,38,30,33,24,113,38,27,44,40
21,27,17,27,31,19,53,24,16,18,26
22,64,15,21,19,40,201,40,31,27,35
23,96,28,34,27,26,53,27,19,26,22
24,168,23,46,41,46,26,29,20,45,32
25,100,36,29,22,20,105,41,25,26,37
26,108,56,44,33,42,106,38,36,34,36
27,72,35,15,10,12,35,15,25,14,18
28,24,14,17,26,27,31,16,25,22,22
29,198,21,23,18,52,60,30,21,19,37
30,62,41,37,39,76,203,33,24,26,39
31,71,29,45,18,83,26,39,25,23,25
32,71,41,28,23,24,157,20,36,21,24
33,93,47,34,41,33,101,32,36,36,32
34,32,30,28,36,41,37,33,40,56,28
35,49,15,30,21,29,32,26,21,28,23
36,115,38,60,35,36,94,29,35,51,35
37,90,27,42,29,36,81,22,31,20,39
38,98,35,19,41,34,34,33,26,32,23
39,27,23,11,16,40,57,12,17,13,16
40,45,23,45,32,27,172,29,32,36,32
41,45,42,42,36,61,146,39,20,39,42
42,187,38,26,39,26,67,29,22,24,31
43,70,39,20,27,18,171,20,33,36,15
44,94,32,15,32,46,206,21,20,14,12
45,67,34,33,25,65,43,44,17,46,24
46,98,36,51,35,31,58,22,24,22,51
47,121,36,28,28,34,63,30,26,74,27
48,55,42,45,76,50,47,27,28,37,35
49,105,24,9,3,28,111,19,7,12,18
50,104,22,22,61,28,106,24,23,41,25
51,114,34,42,22,40,128,26,39,45,28
52,188,31,37,41,29,209,39,55,44,39
53,79,40,26,28,52,33,32,29,35,30
54,21,19,15,27,12,45,14,20,21,20
55,34,49,33,36,70,37,40,34,40,35
56,50,26,16,29,36,28,16,14,25,20
57,333,36,37,71,33,231,33,41,57,39
58,171,25,28,40,31,96,51,21,27,25
59,41,41,27,20,21,58,29,18,17,25
60,75,19,25,30,40,68,15,19,27,27
61,75,42,33,38,44,41,57,35,45,31
62,23,17,16,12,29,238,11,8,13,12
63,149,43,14,13,49,14,15,17,13,19
64,138,25,27,59,57,31,34,24,22,17
65,45,28,32,35,19,83,24,17,22,26
66,81,48,29,35,37,42,40,30,31,42
67,51,35,40,40,39,115,56,36,35,27
68,133,52,49,45,32,173,44,36,35,34
69,78,33,60,42,40,86,19,31,38,15
70,86,19,15,24,19,93,16,25,16,11
71,120,56,22,27,30,449,27,54,46,45
72,165,18,19,31,31,182,40,25,24,22
73,72,25,29,17,24,58,21,21,32,41
74,44,16,13,15,28,125,36,19,17,17
75,48,35,26,24,30,58,36,26,28,32
76,168,41,38,27,34,68,32,30,32,29
77,106,20,45,26,25,39,22,37,76,47
78,62,12,21,9,20,33,16,13,13,20
79,95,17,27,18,27,124,36,16,23,34
80,259,24,37,28,23,47,27,17,19,27
81,50,25,40,26,46,26,32,31,33,23
82,219,27,16,25,17,27,25,31,18,26
83,30,27,43,44,38,84,22,22,41,63
84,89,30,30,45,44,86,35,34,33,32
85,29,26,41,26,18,40,25,23,32,26
86,35,25,21,21,15,142,15,31,17,23
87,82,23,17,18,18,194,23,20,33,25
88,41,28,41,36,38,175,29,36,47,38
89,143,34,17,23,31,160,19,17,24,20
90,92,38,41,42,43,65,52,30,24,21
91,150,52,44,55,57,32,36,36,25,28
92,196,22,15,21,33,32,16,27,21,20
93,105,44,53,23,30,91,26,29,24,30
94,60,29,14,16,23,100,19,27,16,19
95,171,36,23,42,57,170,38,28,36,34
96,87,31,39,53,33,116,36,38,24,32
97,112,42,35,45,34,78,26,39,47,38
98,279,42,18,15,32,73,23,28,36,18
99,101,37,22,25,37,200,23,20,34,53
100,59,24,32,25,41,31,68,25,24,21
101,69,43,21,26,53,327,48,27,25,27
102,65,31,16,31,27,90,20,27,23,22
103,28,23,53,43,39,94,43,26,56,54
104,109,31,29,40,26,66,38,60,36,27
105,81,49,29,36,25,237,55,20,23,23
106,81,34,33,31,36,37,24,71,28,20
107,30,30,47,41,57,100,39,29,53,30
108,58,18,34,35,20,156,30,19,20,22
109,97,17,25,16,24,251,26,18,19,23
110,202,40,27,28,31,202,33,30,26,34
111,31,36,20,17,47,255,42,32,30,22
112,24,34,27,34,83,103,27,24,24,32
113,32,25,37,35,26,188,44,36,44,30
114,55,22,29,36,20,64,24,25,21,32
115,210,14,23,20,40,107,40,40,19,21
116,172,29,31,40,47,261,44,33,42,42
117,81,38,39,40,42,96,19,47,34,23
118,39,44,23,36,28,58,28,32,25,24
119,127,43,33,36,47,140,50,57,41,32
120,31,19,27,27,25,17,13,48,17,26
121,41,18,28,15,18,124,27,16,32,41
122,46,28,30,16,18,116,15,19,17,22
123,49,27,28,33,50,95,37,40,25,33
124,313,25,26,32,26,52,34,23,17,30
125,112,32,54,32,51,133,42,58,43,34
126,135,26,28,23,45,45,20,26,26,28
127,26,25,38,23,30,118,25,39,22,27
128,48,41,26,44,26,40,43,40,29,34
129,41,39,35,45,48,45,31,38,36,53
130,137,20,26,19,19,70,37,22,54,30
131,112,31,22,24,18,77,28,29,19,42
132,56,40,42,39,24,43,19,33,23,41
133,35,28,43,35,40,73,44,40,31,43
134,30,34,27,25,27,35,17,39,41,35
135,103,32,24,24,29,68,20,28,25,24
136,93,40,32,28,47,124,34,42,39,34
137,46,39,46,52,38,61,50,40,39,49
138,201,21,25,20,16,98,21,15,23,29
139,158,34,32,35,36,67,42,31,41,59
140,440,20,43,23,34,72,17,15,22,29
141,52,42,31,40,24,19,52,24,37,30
142,95,43,28,30,41,61,32,21,29,27
143,56,24,24,17,31,34,19,42,22,21
144,93,27,30,26,35,111,22,31,23,17
145,29,35,45,45,36,20,31,37,23,24
146,33,24,16,18,14,30,16,26,13,14
147,57,31,25,44,50,88,39,30,29,33
148,94,20,34,37,37,78,27,22,28,23
149,129,38,33,37,64,36,46,33,43,35
150,94,14,19,19,12,39,12,14,11,15
151,46,31,21,23,36,13,12,21,29,19
152,90,46,22,55,25,128,45,32,40,30
153,46,42,43,52,43,88,34,44,41,41
154,31,32,46,34,28,227,32,39,31,35
155,210,26,18,32,37,118,38,23,25,32
156,103,27,23,24,17,38,60,16,37,24
157,22,23,29,25,39,217,66,26,30,32
158,203,32,35,29,39,27,32,23,31,26
159,96,44,35,23,28,67,27,25,13,20
160,20,27,36,31,17,60,30,22,20,26
161,95,26,28,24,20,144,17,28,21,26
162,207,28,43,45,41,80,31,46,48,31
163,203,23,23,29,63,28,25,22,27,31
164,80,29,23,42,45,223,36,21,28,44
165,66,39,66,36,37,54,42,52,38,39
166,58,28,15,26,21,20,22,14,12,25
167,67,31,28,41,53,172,31,33,28,44
168,85,22,26,36,33,65,30,20,21,29
169,63,28,29,30,13,67,32,28,16,16
170,69,35,28,41,29,43,32,40,33,31
171,60,36,45,38,40,153,34,35,46,25
172,42,49,26,31,81,122,46,28,30,36
173,28,30,22,36,32,78,31,19,23,22
174,27,9,27,17,17,151,8,16,19,19
175,78,20,34,20,24,509,20,25,24,17
176,68,28,49,36,41,29,39,34,46,47
177,115,47,29,36,39,80,32,32,33,35
178,60,32,27,21,33,112,36,29,23,23
179,102,23,23,29,27,69,21,27,44,27
180,118,35,37,42,44,54,28,41,60,36
181,101,52,23,28,31,40,15,14,22,42
182,49,24,29,31,31,170,29,19,18,32
183,214,29,17,16,16,80,24,22,19,15
184,302,24,20,24,36,108,30,36,22,33
185,18,21,32,28,58,84,32,29,26,29
186,100,32,21,43,37,50,32,40,16,33
187,240,24,19,24,39,122,43,28,42,26
188,42,39,24,38,57,92,24,54,40,31
189,91,44,27,35,42,31,32,43,44,48
190,176,21,20,27,19,100,28,28,15,19
191,89,33,23,46,27,81,32,21,19,28
192,137,23,32,42,28,80,37,30,34,31
193,24,31,26,35,31,61,35,26,40,21
194,188,47,34,43,49,168,38,41,23,58
195,80,14,18,19,37,106,21,25,24,19
196,101,34,25,31,61,157,47,38,30,43
197,24,28,23,21,33,196,30,34,43,24
198,30,16,22,31,25,16,38,28,28,20
199,71,18,12,9,19,53,16,29,12,14
200,163,43,37,35,62,47,35,33,42,44
201,101,47,27,39,32,58,46,41,36,34
202,59,40,27,42,30,172,39,26,28,57
203,50,45,45,42,26,230,43,49,36,35
204,128,40,25,20,40,119,43,22,41,29
205,29,32,36,38,29,97,34,34,54,30
206,42,52,33,36,40,142,28,34,47,36
207,245,26,39,25,36,158,35,20,17,29
208,91,18,18,26,26,20,15,17,24,34
209,37,22,15,52,36,115,16,21,22,17
210,71,36,29,26,23,94,16,24,30,31
211,132,49,34,40,42,31,40,30,41,39
212,39,18,28,44,31,90,30,23,13,20
213,17,14,29,15,27,62,38,28,14,47
214,69,33,28,44,35,37,38,32,27,30
215,49,30,42,29,29,41,44,28,28,26
216,131,30,19,30,25,319,25,36,21,26
217,90,28,32,25,49,37,26,42,27,24
218,44,37,39,24,62,132,26,27,37,34
219,78,26,29,30,64,295,28,27,43,25
220,85,44,42,33,57,273,43,43,39,53
221,102,27,29,34,40,121,32,29,35,34
222,90,37,35,33,58,43,38,34,48,36
223,155,24,43,21,38,22,20,28,25,21
224,158,23,18,32,32,97,24,23,31,48
225,26,38,26,31,28,153,20,48,37,33
226,355,38,39,42,25,54,53,35,50,49
227,146,17,17,26,41,68,25,20,21,22
228,72,36,37,30,48,69,31,32,42,20
229,46,27,36,19,20,156,35,20,21,18
230,68,42,32,24,45,199,31,28,35,23
231,131,37,34,22,51,122,40,26,64,53
232,87,25,43,76,52,20,6,32,23,12
233,65,24,17,18,28,77,24,13,24,31
234,42,32,57,38,25,150,26,26,32,49
235,168,23,30,24,23,290,36,27,39,42
236,57,21,44,17,49,68,27,44,24,25
237,229,45,24,20,31,118,41,19,19,41
238,39,30,25,26,48,82,23,34,46,43
239,38,27,27,21,34,32,24,37,26,28
240,43,19,17,41,20,53,19,24,24,23
241,32,45,41,32,29,161,31,24,30,29
242,48,18,31,28,15,48,18,39,27,33
243,125,23,46,23,30,274,23,28,45,23
244,60,30,26,32,44,38,35,53,51,21
245,65,12,19,17,12,152,22,14,13,13
246,101,31,33,26,24,142,33,27,40,48
247,38,42,44,60,66,86,48,50,42,42
248,124,29,72,34,46,86,32,37,29,36
249,32,40,48,37,36,64,62,33,38,37
250,262,32,30,38,48,231,34,15,40,31
251,149,34,48,32,28,41,32,47,27,37
252,71,38,34,43,37,114,40,44,19,28
253,28,20,16,27,25,52,22,25,29,35
254,38,25,27,23,31,31,19,26,36,32
255,43,22,30,21,40,172,27,25,22,21
256,47,41,33,53,40,126,42,38,38,51
257,117,37,38,39,27,121,45,34,31,40
258,75,12,11,40,42,137,13,17,20,19
259,99,36,55,45,50,93,35,29,17,19
260,77,28,20,23,28,70,24,33,33,34
261,88,46,35,29,39,152,28,45,38,32
262,174,19,11,19,23,105,13,13,23,13
263,364,26,26,29,27,267,36,41,33,39
264,113,44,29,29,22,138,32,47,37,29
265,90,40,44,21,29,174,32,40,36,31
266,22,30,30,31,28,134,36,41,28,32
267,35,44,33,50,70,43,29,52,34,40
268,26,37,27,25,46,116,26,47,37,61
269,80,31,27,21,41,67,19,36,36,15
270,84,44,42,34,54,141,36,53,37,33
271,309,26,25,40,29,37,27,32,38,28
272,67,35,36,16,28,108,29,41,22,26
273,147,34,38,40,31,110,37,32,38,30
274,42,34,50,33,18,72,32,44,36,40
275,27,22,45,42,49,430,48,45,35,38
276,85,54,54,44,27,55,23,28,37,42
277,84,20,38,26,15,168,17,25,22,20
278,174,26,20,21,52,177,39,21,17,23
279,278,28,29,39,30,96,32,47,49,32
280,42,43,19,39,31,170,28,55,36,34
281,55,21,24,35,21,52,26,25,53,31
282,90,37,38,42,60,148,36,40,45,33
283,31,35,30,29,22,45,59,28,22,24
284,279,24,31,27,27,80,25,34,28,31
285,165,24,28,24,27,31,32,19,30,21
286,35,17,17,70,27,50,32,33,24,20
287,103,51,35,24,43,54,19,38,30,33
288,90,56,20,18,22,43,39,31,16,22
289,40,39,40,41,40,103,40,26,36,36
290,12,16,13,18,42,70,30,28,18,32
291,42,26,47,35,30,53,45,30,42,44
292,187,40,44,25,34,70,51,34,41,30
293,264,18,24,18,19,64,21,22,24,27
294,28,16,14,19,32,25,13,16,15,12
295,21,17,21,17,22,33,16,28,14,42
296,46,22,22,27,39,88,21,32,20,28
297,159,27,21,28,25,74,44,31,28,46
298,107,23,23,26,39,63,31,24,21,30
299,61,39,33,20,34,68,24,26,35,26
300,40,34,32,30,28,116,36,63,31,40
301,300,49,41,61,51,59,48,58,39,37
302,162,33,31,32,50,29,24,31,48,31
303,54,22,27,38,26,34,46,25,26,39
304,144,37,27,21,33,182,26,45,23,26
305,13,26,13,19,18,19,14,14,19,28
306,105,22,23,30,34,56,23,51,34,27
307,85,51,34,39,27,40,34,35,33,34
308,37,25,18,53,23,30,15,23,14,18
309,50,29,34,21,18,236,30,20,28,15
310,193,21,25,24,23,95,22,28,19,27
311,89,19,34,23,28,48,26,32,34,33
312,89,26,21,26,22,55,21,19,14,19
313,142,33,36,35,49,37,47,41,41,42
314,26,32,18,30,29,58,23,21,26,41
315,123,31,27,32,30,32,35,49,29,29
316,15,24,22,43,59,209,35,32,27,28
317,168,21,22,27,25,99,27,21,30,26
318,86,30,31,38,42,47,36,31,24,66
319,35,28,26,36,41,163,43,36,28,28
320,39,34,30,28,31,118,17,30,34,21
321,118,41,46,31,35,625,44,63,31,46
322,47,31,50,25,50,133,29,41,38,39
323,81,31,50,57,30,70,40,23,38,28
324,198,32,52,46,33,233,35,26,29,36
325,37,28,31,39,38,65,34,38,41,38
326,80,23,30,33,25,166,34,19,37,40
327,29,22,19,29,24,90,15,21,22,44
328,64,54,49,37,56,94,27,43,36,29
329,118,41,19,12,34,166,18,39,19,18
330,97,40,28,53,28,87,28,38,37,35
331,137,29,37,43,58,99,33,33,34,37
332,169,36,30,30,26,58,27,26,35,24
333,57,40,35,33,50,52,35,56,30,33
334,81,24,24,25,19,350,24,23,26,17
335,74,36,43,29,48,109,40,33,37,34
336,126,33,28,30,35,208,39,36,35,52
337,41,19,27,32,19,253,34,23,26,35
338,44,46,20,28,18,71,33,33,24,45
339,74,25,28,37,29,207,35,33,62,21
340,33,39,31,26,31,68,44,50,48,35
341,54,18,17,27,42,274,17,38,26,21
342,53,36,42,34,40,34,47,49,46,38
343,286,32,50,39,32,65,26,23,28,23
344,141,30,40,32,35,268,51,29,36,39
345,166,64,16,22,10,56,19,15,29,24
346,23,58,24,33,22,81,36,29,26,31
347,48,50,30,42,46,62,61,34,23,37
348,397,33,27,29,57,375,28,32,38,28
349,106,40,67,41,51,81,31,45,47,31
350,48,37,34,39,40,63,23,32,42,33
351,46,44,25,38,29,35,27,34,44,15
352,297,57,16,17,16,65,13,15,13,27
353,38,29,21,16,17,31,17,17,16,20
354,41,25,41,34,70,72,25,28,48,41
355,31,35,23,32,30,41,33,44,33,51
356,164,19,33,22,23,32,20,52,34,15
357,72,40,29,48,31,78,37,52,31,36
358,55,43,30,26,31,89,25,36,29,41
359,56,21,22,29,29,148,22,31,23,29
360,66,26,22,50,25,41,22,25,28,34
361,351,21,43,17,17,210,18,17,30,25
362,141,29,31,41,31,128,48,39,39,27
363,56,38,47,39,26,148,36,30,31,31
364,89,17,20,18,36,33,27,31,22,32
365,40,44,32,25,35,125,24,29,37,36
366,103,35,38,38,67,153,32,45,40,36
367,71,31,26,52,36,94,36,31,30,30
368,40,19,50,25,26,194,30,29,32,34
369,51,38,36,20,26,216,37,25,37,33
370,34,33,25,21,44,222,23,26,24,20
371,130,19,14,22,13,21,14,16,17,14
372,29,16,32,32,25,339,24,42,30,38
373,23,42,48,39,47,77,25,36,42,36
374,65,21,35,33,46,113,37,33,49,22
375,57,18,24,25,32,99,18,18,27,22
376,431,30,43,33,19,21,39,20,30,40
377,83,28,21,29,32,55,30,31,50,26
378,37,45,43,28,55,58,30,53,54,37
379,60,31,19,29,54,28,23,25,44,30
380,78,42,43,45,29,154,41,38,46,34
381,50,22,22,24,28,106,27,29,24,37
382,149,42,38,43,45,397,54,28,35,44
383,123,27,28,26,68,58,25,27,26,31
384,93,24,48,16,38,178,21,26,35,17
385,22,29,20,24,17,100,24,25,20,27
386,61,28,31,26,34,161,21,23,25,24
387,28,39,27,26,20,33,33,33,24,32
388,57,27,36,24,37,128,35,40,32,40
389,156,22,20,39,30,108,28,33,28,22
390,45,33,46,39,43,145,39,31,50,40
391,48,17,21,17,25,60,24,24,31,20
392,123,16,24,36,25,21,32,32,17,25
393,96,31,22,16,42,118,23,23,13,25
394,29,20,18,38,22,41,22,22,26,20
395,83,25,19,33,23,76,17,30,27,33
396,159,27,34,38,30,87,32,31,23,30
397,21,29,21,24,21,201,21,33,35,26
398,46,8,15,18,15,33,16,18,21,14
399,36,12,15,16,18,90,14,17,13,12
400,60,53,37,31,31,154,31,46,39,46
401,115,25,19,37,42,56,51,33,29,38
402,103,18,22,40,25,155,27,20,22,25
403,46,27,25,20,56,68,27,22,28,34
404,165,18,27,25,23,117,42,39,17,32
405,234,16,28,24,22,40,22,22,27,36
406,20,21,29,20,28,97,23,24,31,36
407,159,46,22,30,23,144,42,27,17,25
408,107,43,34,39,29,58,41,25,31,28
409,46,26,30,23,37,17,37,20,28,35
410,74,27,27,29,27,217,22,21,33,25
411,89,21,36,38,44,258,25,22,23,28
412,85,33,27,23,23,36,31,36,52,39
413,208,38,21,25,40,34,23,45,26,33
414,48,63,38,42,32,141,46,38,63,30
415,88,39,33,44,46,46,30,36,51,54
416,63,43,39,31,34,39,32,56,48,21
417,81,24,22,29,21,98,40,34,29,27
418,47,47,44,29,43,31,32,26,44,29
419,91,17,16,17,10,140,23,32,20,30
420,58,24,33,28,25,148,35,57,46,45
421,30,30,44,56,26,71,29,23,33,37
422,173,31,25,22,41,89,43,27,27,22
423,28,23,34,15,33,75,22,42,16,28
424,211,59,22,30,29,31,26,27,22,23
425,157,35,28,29,56,170,79,37,42,39
426,171,38,34,37,41,39,33,45,45,56
427,51,46,31,33,39,77,37,47,28,60
428,289,35,74,37,33,55,37,42,35,48
429,29,41,41,33,72,134,27,53,52,43
430,67,20,20,31,19,122,18,25,24,13
431,26,34,29,17,23,83,20,36,23,37
432,109,25,29,43,28,175,25,31,38,26
433,21,15,17,13,33,61,16,22,10,14
434,73,54,64,37,44,215,41,44,41,35
435,32,41,31,32,58,173,31,34,37,44
436,49,31,32,35,23,180,19,22,28,31
437,52,17,15,27,25,44,20,11,20,20
438,137,38,27,34,29,111,28,41,45,37
439,86,33,37,25,21,173,43,24,45,47
440,73,21,31,33,37,37,36,34,37,33
441,21,37,44,27,32,116,28,33,32,45
442,58,37,38,60,39,66,35,30,37,34
443,130,16,32,17,14,48,16,15,14,12
444,31,15,22,20,10,94,21,14,18,13
445,40,38,44,26,31,101,30,27,25,25
446,123,41,33,22,65,21,27,22,29,60
447,63,16,17,23,24,10,15,12,23,10
448,52,25,21,22,23,204,23,30,23,23
449,76,35,36,22,45,57,66,30,39,42
450,58,30,42,37,118,155,32,46,38,34
451,70,46,43,31,32,33,33,42,40,37
452,40,44,49,38,32,40,55,38,60,29
453,84,27,21,22,28,129,17,17,22,21
454,211,53,24,36,22,22,29,26,27,41
455,28,36,39,33,29,211,30,25,45,26
456,279,27,32,30,74,157,38,33,40,35
457,53,24,32,29,38,116,33,34,37,40
458,44,10,14,13,18,63,13,17,18,8
459,73,33,34,38,14,198,58,24,36,20
460,60,47,52,41,37,120,40,41,56,40
461,31,26,25,33,30,38,33,44,33,56
462,36,35,46,27,28,161,29,39,42,27
463,78,34,29,30,62,51,32,25,18,45
464,130,33,28,27,35,23,29,28,30,27
465,114,25,21,28,30,143,26,22,27,27
466,75,28,36,41,46,161,31,38,39,58
467,84,44,21,32,33,238,18,18,24,24
468,187,43,36,18,17,113,22,17,17,22
469,76,12,28,17,26,170,17,19,19,20
470,49,24,39,23,27,76,19,27,35,29
471,117,31,23,31,40,205,28,20,27,27
472,51,37,40,24,27,37,19,26,20,35
473,125,17,14,16,18,60,20,21,19,48
474,42,37,22,15,40,86,35,15,27,20
475,26,19,39,22,42,42,30,26,28,28
476,117,23,28,26,27,43,25,33,27,42
477,53,20,22,34,21,74,24,33,24,30
478,82,23,45,61,47,314,36,51,57,40
479,81,24,43,42,28,36,33,30,41,28
480,68,22,34,36,28,106,34,32,47,22
481,82,20,20,52,18,149,37,23,28,20
482,56,34,35,31,47,292,35,24,38,33
483,24,33,66,20,24,70,26,35,38,69
484,132,27,29,21,32,35,27,28,43,19
485,241,52,39,39,32,65,31,28,27,44
486,62,27,33,29,23,180,24,29,34,36
487,73,29,32,42,21,93,21,33,26,30
488,78,20,19,18,22,87,17,43,22,29
489,173,35,27,29,31,41,36,23,31,57
490,359,27,28,32,31,62,25,42,27,24
491,53,24,20,22,19,62,16,17,24,19
492,54,33,18,24,79,25,17,26,23,30
493,78,49,41,33,20,109,37,38,39,30
494,169,27,24,38,53,60,40,22,35,30
495,76,28,32,30,32,265,21,22,31,32
496,32,18,15,12,41,60,17,14,16,20
497,65,23,25,22,32,184,26,26,28,31
498,194,39,53,32,33,31,41,44,30,27
499,191,32,31,24,39,162,40,47,25,21
500,65,37,35,38,70,81,25,32,31,32
501,99,37,26,41,27,66,31,44,17,29
502,20,23,17,31,17,74,25,39,17,18
503,72,18,27,16,31,87,19,22,21,17
504,81,15,14,24,25,245,15,18,44,19
505,23,11,22,22,14,71,30,15,21,33
506,139,38,37,43,36,96,34,27,40,27
507,30,42,31,35,54,50,23,20,24,22
508,72,31,40,38,60,72,30,34,44,33
509,78,38,33,39,31,150,31,36,36,30
510,103,40,19,28,32,77,29,36,27,25
511,88,27,14,26,25,55,29,18,15,17
512,55,25,34,34,39,268,30,31,23,23
513,101,45,37,18,32,227,41,36,42,48
514,33,17,20,27,49,68,19,23,18,20
515,22,24,19,40,33,50,27,34,26,22
516,37,23,27,23,41,152,19,28,22,19
517,128,16,19,24,20,43,35,21,25,34
518,61,20,39,22,22,64,31,27,33,17
519,77,21,23,32,26,129,31,27,22,20
520,66,26,33,40,55,75,42,22,45,55
521,117,48,57,34,22,84,36,57,40,57
522,67,22,44,30,26,42,21,35,38,46
523,92,34,33,54,52,107,28,27,33,45
524,32,19,42,14,22,120,23,24,17,13
525,36,30,68,31,28,103,27,19,35,29
526,32,22,25,18,24,68,24,34,24,18
527,55,50,43,40,77,29,44,37,30,56
528,74,33,22,17,34,124,14,23,26,32
529,40,22,17,31,22,70,23,26,43,15
530,104,39,43,33,44,26,48,50,36,33
531,45,27,48,27,54,73,29,20,34,26
532,69,29,47,35,42,170,46,27,30,30
533,41,28,23,19,18,61,25,16,27,17
534,117,23,22,25,54,25,33,32,24,31
535,49,28,54,52,40,50,32,24,41,32
536,122,31,31,21,61,20,18,36,22,32
537,269,27,21,24,26,585,29,29,15,20
538,124,23,40,27,28,40,29,24,60,41
539,23,51,31,12,28,164,16,21,22,34
540,196,43,25,24,32,22,31,26,34,39
541,107,16,9,23,30,18,17,21,24,27
542,22,56,26,38,25,44,28,29,20,24
543,103,51,38,59,48,64,44,31,49,61
544,51,32,28,34,42,80,44,40,45,32
545,74,20,18,35,22,141,26,27,25,45
546,286,29,31,26,40,48,32,26,25,25
547,31,35,35,37,46,123,34,29,21,35
548,46,57,29,30,31,69,52,47,34,45
549,74,28,56,16,29,136,23,14,22,21
550,29,38,43,41,34,58,34,21,36,28
551,73,31,61,45,27,40,28,25,54,29
552,77,28,30,27,41,61,27,32,41,38
553,58,34,33,45,27,56,41,36,31,50
554,66,44,25,22,35,59,35,35,46,39
555,60,39,31,30,23,172,29,19,23,25
556,137,42,46,43,47,76,35,35,48,33
557,111,13,12,13,14,31,24,24,25,19
558,214,34,30,37,28,187,62,28,24,26
559,42,37,44,55,47,77,38,55,38,44
560,140,38,38,43,29,173,27,37,36,38
561,367,33,38,70,40,237,26,35,27,41
562,90,28,38,52,30,36,29,33,37,32
563,37,19,18,54,34,192,33,32,20,25
564,85,37,27,40,28,65,35,25,31,50
565,274,34,25,19,28,138,15,42,34,37
566,145,13,15,39,20,336,17,10,14,13
567,79,34,37,27,30,98,29,44,26,33
568,28,42,37,27,54,267,45,25,59,39
569,45,36,23,24,25,32,15,20,30,20
570,43,12,18,15,23,316,27,23,20,30
571,151,27,63,31,52,76,25,33,25,40
572,306,26,32,14,27,124,39,26,15,21
573,171,21,34,16,27,53,24,30,30,26
574,52,20,26,30,15,6,34,23,25,17
575,43,28,29,25,34,77,24,29,26,26
576,94,45,47,46,64,27,47,36,39,44
577,142,29,38,35,59,320,45,34,33,29
578,151,14,24,29,20,51,29,22,26,25
579,50,28,38,31,42,68,29,29,30,31
580,100,31,31,30,36,254,29,51,26,34
581,48,25,25,26,40,75,26,18,33,22
582,94,61,21,25,34,38,39,30,27,33
583,78,21,52,26,36,148,34,26,22,19
584,26,70,38,28,31,159,44,38,35,39
585,91,23,31,27,53,156,46,33,37,40
586,159,62,45,63,30,70,24,29,36,34
587,80,44,16,36,45,24,17,50,23,50
588,230,27,40,23,16,132,27,41,22,30
589,56,27,31,37,42,92,25,31,32,29
590,16,15,26,17,27,105,30,18,31,26
591,131,20,42,36,14,178,26,21,22,21
592,53,41,36,32,40,279,31,26,44,41
593,37,40,40,19,78,150,51,44,41,37
594,31,12,20,18,20,78,22,16,21,30
595,29,47,25,23,30,64,34,25,29,29
596,99,22,67,16,23,95,15,32,17,27
597,177,29,32,32,22,19,36,31,21,21
598,115,45,30,45,39,149,38,38,28,34
599,56,58,28,23,32,126,27,21,25,20
600,68,15,27,37,26,271,14,47,18,35
601,106,24,21,32,23,81,39,23,24,18
602,26,39,39,39,37,249,34,36,42,29
603,163,41,28,35,38,95,57,50,31,63
604,94,20,32,40,49,73,31,27,33,24
605,46,29,26,37,39,47,27,24,35,23
606,52,19,26,14,22,50,23,22,17,35
607,49,23,22,40,29,153,53,23,23,36
608,127,30,22,33,18,133,27,48,21,23
609,254,35,12,18,12,103,21,21,20,14
610,36,39,31,27,59,148,31,28,35,32
611,53,41,35,42,34,22,35,47,47,46
612,119,45,24,44,50,33,38,26,38,44
613,102,37,34,46,65,19,40,15,40,20
614,110,32,36,36,35,155,33,26,30,22
615,185,26,26,44,32,39,19,35,20,36
616,40,24,35,21,19,126,30,31,26,32
617,68,36,38,29,35,45,37,34,41,50
618,106,35,27,19,37,26,21,26,26,23
619,88,60,38,42,36,57,46,29,37,47
620,144,21,34,32,35,232,22,32,25,27
621,20,13,14,22,20,95,17,36,44,21
622,200,14,17,26,45,195,28,19,15,21
623,80,50,36,39,47,109,38,36,40,40
624,55,41,27,33,25,269,26,34,24,27
625,171,23,36,20,40,23,33,31,14,29
626,76,34,25,39,28,34,44,42,33,36
627,46,23,33,24,28,125,27,31,33,22
628,49,39,48,31,45,50,25,27,33,30
629,67,32,37,38,41,55,44,42,39,28
630,173,26,22,22,30,71,36,32,32,32
631,43,33,36,26,59,186,28,59,37,37
632,62,38,55,43,109,81,65,56,36,37
633,19,18,12,18,22,226,14,18,24,23
634,166,17,50,21,21,157,21,28,23,29
635,156,22,41,53,31,221,54,35,37,32
636,195,19,26,18,15,23,24,21,21,19
637,67,27,44,57,52,50,30,26,40,37
638,91,31,31,31,27,78,21,49,27,24
639,44,39,36,45,43,61,28,28,29,36
640,22,28,21,36,35,41,29,25,24,30
641,69,16,16,17,23,102,29,23,21,20
642,116,31,37,42,22,180,28,24,30,35
643,67,25,27,35,33,52,29,20,34,30
644,56,29,29,20,24,112,28,13,28,38
645,162,44,33,25,29,107,41,26,68,34
646,42,30,18,21,30,25,13,29,21,22
647,277,35,46,36,46,74,23,21,34,30
648,24,23,27,48,22,162,37,26,32,42
649,69,57,33,26,27,552,24,30,76,23
650,20,28,36,36,35,126,24,31,31,28
651,125,36,60,36,36,173,39,39,46,49
652,40,13,12,12,16,282,22,31,10,13
653,282,33,17,21,15,185,11,24,11,26
654,28,28,37,29,39,82,46,39,46,35
655,126,42,34,42,34,110,45,46,46,36
656,21,21,30,33,21,192,19,21,31,21
657,24,21,24,44,30,145,21,36,54,32
658,70,17,10,14,30,55,25,20,9,14
659,150,12,22,13,33,177,18,15,14,31
660,25,49,42,22,36,87,30,29,30,20
661,154,32,71,34,32,123,27,31,28,32
662,87,43,50,33,35,52,26,30,33,38
663,30,21,47,25,23,66,27,22,35,27
664,101,30,39,47,29,62,46,24,40,30
665,172,33,37,47,43,155,29,24,29,39
666,159,25,41,24,37,61,50,37,20,32
667,118,60,35,31,81,194,48,36,38,41
668,53,21,14,20,30,80,16,25,45,22
669,52,36,42,29,25,169,33,30,33,36
670,175,23,34,33,23,116,37,28,24,43
671,159,35,40,36,40,40,34,33,40,28
672,22,27,31,23,18,166,25,28,17,20
673,183,28,48,28,40,93,23,29,44,56
674,97,30,25,55,18,210,26,30,37,35
675,37,19,27,22,35,56,24,53,18,18
676,46,27,40,46,46,144,50,26,41,32
677,107,21,20,34,26,49,51,19,29,22
678,59,68,9,29,23,58,19,19,32,41
679,136,33,23,22,31,13,12,17,17,18
680,139,26,41,49,48,141,40,48,40,40
681,38,54,26,27,35,53,34,36,29,28
682,35,55,29,24,35,26,53,37,23,24
683,245,38,27,45,62,33,32,35,33,34
684,48,35,35,36,49,55,31,36,48,34
685,84,49,32,28,40,72,26,41,25,28
686,90,13,13,13,22,85,19,17,15,13
687,206,33,50,45,47,80,38,46,34,27
688,115,34,60,39,53,175,29,46,42,43
689,32,8,35,13,4,243,4,9,17,10
690,63,21,26,29,30,32,19,22,36,26
691,51,31,37,31,31,39,42,43,38,38
692,60,42,17,10,12,117,14,9,20,12
693,38,15,18,18,21,111,28,29,22,15
694,83,34,32,32,21,67,17,44,26,19
695,155,31,21,21,34,202,32,36,36,30
696,38,16,28,20,25,119,15,15,16,13
697,21,21,22,25,24,67,21,22,43,38
698,58,27,15,26,42,143,20,18,31,17
699,75,39,54,30,31,143,32,33,35,48
700,85,27,15,24,21,119,16,20,18,22
701,50,28,21,29,19,230,19,18,22,49
702,16,12,17,15,17,49,14,10,30,10
703,194,20,23,16,30,40,28,17,22,28
704,180,37,40,28,38,185,36,25,33,33
705,27,31,31,21,25,35,26,17,22,31
706,46,20,14,25,24,312,15,21,42,14
707,25,15,22,33,15,78,18,46,11,16
708,257,26,24,28,51,44,29,19,27,30
709,206,47,52,48,42,146,37,60,52,36
710,51,47,28,28,31,76,35,31,33,21
711,47,61,27,49,49,67,29,29,25,42
712,100,25,21,24,32,202,33,38,36,28
713,35,31,43,43,29,125,30,53,46,31
714,263,22,25,17,22,42,38,29,24,32
715,105,27,33,22,36,239,38,23,25,51
716,54,22,20,28,27,162,22,21,23,24
717,56,20,30,27,44,129,40,27,46,26
718,17,27,30,26,16,66,20,37,20,16
719,62,38,39,37,34,103,27,35,32,32
720,60,55,46,44,42,107,32,38,37,51
721,60,29,19,25,62,20,21,33,27,32
722,140,17,25,26,44,149,24,36,39,31
723,51,32,24,44,28,21,29,15,25,24
724,119,23,35,46,27,61,27,22,46,32
725,178,19,24,37,26,149,26,27,25,27
726,39,41,34,24,40,154,32,39,42,24
727,23,27,34,24,35,95,41,30,20,43
728,58,40,30,41,28,109,49,19,33,38
729,31,15,28,42,18,76,29,29,35,55
730,23,25,22,33,35,48,28,30,28,52
731,53,43,32,49,52,46,25,38,25,21
732,33,28,25,37,24,195,31,37,33,29
733,45,47,52,40,32,114,52,54,34,43
734,37,47,35,26,35,112,42,39,38,36
735,67,32,27,8,52,191,16,13,28,16
736,11,26,23,21,54,160,24,12,30,31
737,99,67,35,35,46,28,39,35,34,36
738,75,22,17,16,29,159,24,33,20,23
739,106,34,42,34,50,138,43,28,51,38
740,232,35,25,36,59,81,50,29,27,32
741,52,32,37,24,62,144,29,24,22,19
742,68,36,46,51,41,495,37,69,49,35
743,125,34,50,24,26,99,25,19,47,24
744,54,25,40,31,18,51,40,18,11,24
745,64,20,29,30,15,51,26,27,17,15
746,77,28,27,26,24,110,28,29,27,34
747,103,28,31,36,39,71,29,37,20,46
748,68,26,23,31,27,65,28,25,35,23
749,195,41,31,36,31,70,34,33,21,48
750,28,41,43,34,38,107,46,52,46,33
751,379,22,8,8,13,8,31,8,10,5
752,112,26,34,25,45,288,31,26,28,30
753,92,30,31,23,22,98,35,18,58,21
754,40,22,24,16,25,81,21,37,16,18
755,57,39,49,48,37,86,30,38,26,35
756,47,32,41,37,41,29,42,45,41,37
757,84,26,31,39,32,15,28,29,31,39
758,167,29,28,25,22,21,25,24,24,29
759,258,34,49,35,49,223,21,23,26,39
760,48,51,34,35,46,108,28,29,39,39
761,15,24,19,35,16,34,19,20,31,19
762,37,27,30,28,37,237,39,39,44,25
763,197,26,30,23,52,28,28,26,38,23
764,66,44,41,48,30,69,32,43,34,34
765,197,38,48,35,30,50,28,31,31,33
766,34,28,23,12,25,66,19,22,15,48
767,51,35,27,43,17,60,28,31,27,30
768,25,15,28,23,18,132,18,15,12,25
769,168,24,31,25,18,130,28,25,46,21
770,42,28,25,21,27,44,25,38,27,23
771,69,55,29,39,44,193,41,40,50,50
772,184,42,47,42,81,116,56,45,31,47
773,37,25,32,32,17,256,30,22,27,24
774,26,38,31,46,28,159,28,27,28,37
775,30,24,20,26,42,205,19,24,27,22
776,23,36,26,23,66,44,41,35,49,31
777,48,20,31,28,19,82,24,29,21,46
778,54,26,23,26,30,135,22,27,25,24
779,72,38,13,26,20,18,33,25,21,19
780,128,7,18,26,23,34,17,21,25,22
781,110,24,34,41,65,65,37,30,22,23
782,105,34,43,38,44,34,43,47,27,29
783,62,32,34,24,50,83,45,32,42,47
784,99,36,22,30,28,13,35,22,26,20
785,64,31,24,38,49,73,33,27,24,34
786,66,29,27,29,31,58,29,34,23,29
787,31,25,43,39,34,132,60,45,33,30
788,63,30,22,25,29,192,36,53,28,26
789,64,37,30,23,26,160,30,29,30,32
790,95,33,34,33,72,98,50,33,27,42
791,75,32,26,27,27,116,26,33,33,23
792,166,32,36,40,26,340,25,58,24,23
793,92,24,21,23,52,145,32,37,31,19
794,72,30,32,60,35,208,28,30,25,18
795,38,26,22,24,33,217,60,24,21,31
796,98,41,33,28,26,64,27,24,23,29
797,26,36,39,27,39,68,37,44,42,48
798,40,28,34,54,52,51,31,39,45,31
799,29,50,32,39,44,75,35,35,42,39
800,109,29,28,28,45,76,32,31,25,31
801,101,32,31,34,64,54,37,38,39,40
802,79,34,45,38,83,54,36,41,46,48
803,79,43,18,24,26,34,27,31,33,23
804,34,26,31,30,36,232,52,68,33,42
805,29,25,21,19,24,36,22,23,27,36
806,167,35,25,32,26,150,20,28,41,33
807,47,31,36,38,33,162,24,31,40,25
808,75,27,37,28,21,65,35,32,19,38
809,141,34,34,41,31,113,50,31,37,33
810,99,34,48,36,50,85,35,25,30,29
811,89,23,43,22,30,71,13,27,40,15
812,20,10,14,23,37,95,12,43,16,15
813,64,18,34,18,43,27,28,25,28,27
814,26,50,24,48,46,51,27,46,34,49
815,142,22,30,13,15,57,17,22,35,10
816,48,26,41,44,39,39,43,44,40,34
817,80,18,30,21,36,18,21,37,33,17
818,58,12,25,21,44,411,16,26,12,32
819,92,39,16,32,24,163,62,30,23,19
820,63,23,17,22,33,45,29,17,23,52
821,83,31,27,38,25,65,32,33,29,34
822,100,37,33,28,53,68,24,35,23,31
823,60,48,32,32,50,31,28,29,45,30
824,217,32,46,54,50,56,44,27,30,65
825,70,38,35,35,31,101,12,11,33,33
826,36,31,40,36,26,38,25,39,42,30
827,141,13,14,13,29,82,12,16,28,10
828,39,44,47,37,51,70,43,34,46,32
829,45,11,12,24,24,129,11,9,15,20
830,46,30,24,26,47,60,18,25,17,31
831,71,38,28,28,18,218,27,41,35,27
832,221,36,27,25,22,84,36,32,32,44
833,149,18,29,22,37,69,28,10,29,20
834,77,35,39,40,22,73,20,38,42,30
835,69,21,28,26,27,11,34,12,24,12
836,61,27,26,26,24,329,44,32,30,29
837,133,34,38,41,40,57,41,32,24,20
838,47,36,44,29,29,51,47,31,21,36
839,136,47,37,34,40,174,42,29,33,44
840,37,40,54,62,40,100,30,39,33,26
841,184,28,49,42,41,114,73,46,47,39
842,107,58,34,41,35,49,32,36,54,33
843,44,43,18,21,25,39,20,37,25,24
844,21,38,20,23,27,101,15,40,22,26
845,70,16,29,37,33,106,29,29,44,21
846,58,38,31,31,20,91,26,34,37,34
847,34,7,9,39,13,183,8,9,9,22
848,111,22,34,25,57,19,30,18,41,27
849,86,36,51,39,47,238,42,39,19,42
850,80,36,37,30,28,163,40,45,33,38
851,72,37,48,54,47,35,41,35,31,34
852,91,28,28,27,43,203,47,33,25,64
853,137,25,37,40,30,62,43,60,36,43
854,305,29,28,50,58,140,37,26,37,56
855,210,16,27,23,24,92,22,35,30,32
856,83,29,35,29,38,28,29,43,37,29
857,61,25,34,32,64,71,33,29,36,36
858,42,34,60,55,28,39,45,35,49,39
859,92,23,22,26,50,157,23,21,37,14
860,26,15,19,32,36,261,22,27,29,23
861,34,40,19,13,26,20,19,19,19,41
862,261,43,39,37,41,89,43,60,34,28
863,129,16,20,29,39,101,19,23,28,23
864,47,41,22,25,43,230,18,25,31,50
865,25,28,31,45,29,153,38,28,41,29
866,46,47,39,31,28,396,38,28,28,26
867,168,24,49,27,26,188,15,36,26,17
868,62,22,21,28,30,22,22,17,61,21
869,99,29,22,29,30,239,21,27,29,22
870,110,24,34,25,34,264,21,25,27,37
871,52,34,39,39,38,42,46,44,32,36
872,90,20,28,15,35,101,21,21,47,29
873,112,32,37,54,43,123,30,37,46,57
874,142,27,27,31,48,204,56,30,51,29
875,43,67,44,25,23,105,21,31,23,49
876,266,29,25,27,53,188,62,20,36,37
877,222,30,28,35,33,95,39,43,32,41
878,168,22,42,37,39,184,46,16,32,33
879,27,22,20,14,20,188,26,23,26,20
880,249,39,22,33,24,96,40,27,33,23
881,75,25,23,27,63,50,26,33,31,27
882,34,24,25,24,25,42,27,64,30,25
883,34,32,40,32,50,108,34,38,37,32
884,59,43,42,43,34,176,36,50,48,41
885,81,41,33,29,40,55,25,28,51,39
886,38,49,58,31,42,110,45,31,39,61
887,171,28,22,19,38,69,27,19,35,26
888,96,21,24,25,37,41,27,18,24,41
889,86,53,24,61,46,49,43,64,38,39
890,58,33,49,29,39,86,36,38,35,37
891,69,26,46,33,24,77,24,33,50,22
892,137,59,40,48,63,85,49,36,35,49
893,87,44,41,36,57,167,48,33,32,59
894,323,28,30,21,24,119,25,29,25,25
895,214,24,21,35,48,43,38,27,35,32
896,96,32,23,32,24,100,50,33,28,33
897,55,28,22,28,22,140,17,20,18,23
898,132,40,28,18,19,147,27,24,17,32
899,145,34,24,29,49,30,29,25,25,29
900,64,25,22,20,30,39,18,17,19,17
901,22,40,26,47,35,66,15,25,27,34
902,39,29,33,32,30,260,25,20,39,52
903,225,55,24,41,37,86,30,36,24,39
904,37,36,33,31,49,21,43,23,31,43
905,60,31,31,31,51,95,36,32,36,21
906,100,30,43,49,34,431,24,15,27,18
907,53,42,60,40,32,82,40,30,25,31
908,53,30,52,21,32,179,40,42,21,45
909,43,44,51,41,44,47,40,38,35,46
910,92,22,45,22,31,86,28,24,26,37
911,33,48,40,47,47,68,45,36,48,49
912,108,67,39,40,45,219,26,43,26,42
913,67,29,25,30,64,55,39,27,28,38
914,56,19,27,17,28,124,33,23,43,18
915,148,57,25,39,34,34,25,31,74,58
916,80,49,26,33,38,247,24,28,41,53
917,105,15,22,16,45,351,18,15,20,19
918,186,37,41,26,50,50,33,50,36,23
919,53,22,23,40,42,81,29,30,16,29
920,308,20,28,20,19,38,26,18,25,19
921,64,28,30,41,54,52,47,44,47,41
922,65,23,25,38,14,91,24,21,37,24
923,210,36,41,30,31,120,42,29,32,30
924,50,22,17,20,19,55,31,31,18,21
925,39,34,59,27,34,225,27,21,24,25
926,23,23,33,28,26,109,44,26,17,28
927,44,38,19,26,40,150,21,18,29,38
928,176,34,40,26,50,73,28,39,27,33
929,61,19,29,24,33,212,31,24,30,31
930,39,39,34,36,39,396,30,34,24,40
931,155,24,24,36,22,404,34,26,37,35
932,57,19,29,15,35,87,35,49,26,32
933,120,16,12,14,38,62,11,35,21,13
934,58,40,27,32,43,52,52,51,62,86
935,132,40,39,29,33,209,30,41,35,33
936,109,16,26,37,31,21,14,21,38,23
937,33,11,19,15,21,34,20,23,14,18
938,48,13,8,15,34,229,19,23,23,16
939,47,42,43,38,88,76,36,44,28,43
940,108,32,22,25,40,171,35,35,30,35
941,101,27,33,31,24,154,47,37,46,36
942,41,16,15,30,22,26,18,17,12,20
943,22,21,25,14,17,53,13,23,17,24
944,73,62,36,28,40,60,33,20,32,59
945,54,33,31,27,27,148,22,21,21,17
946,48,37,24,21,26,41,30,18,23,17
947,88,26,53,34,29,47,35,31,28,32
948,79,48,46,56,39,91,55,40,27,40
949,29,20,27,25,27,125,30,32,31,25
950,25,32,23,50,36,38,28,32,36,30
951,101,33,39,45,39,606,42,29,45,47
952,109,21,28,34,27,264,19,35,24,27
953,59,33,33,44,28,31,28,30,29,36
954,290,48,22,35,35,34,29,24,22,40
955,230,54,34,53,48,83,50,33,39,44
956,58,45,29,34,28,44,37,36,32,33
957,70,30,48,29,37,57,44,23,25,33
958,113,30,50,52,29,88,29,39,23,29
959,35,20,34,21,37,146,29,30,42,19
960,34,40,30,51,76,47,43,50,48,52
961,146,19,22,34,57,65,20,19,30,61
962,94,30,48,32,42,90,39,30,31,30
963,26,26,25,32,35,131,35,22,35,46
964,85,23,36,31,35,47,24,35,44,41
965,235,39,25,44,37,43,38,26,33,26
966,36,29,19,25,25,61,34,25,23,23
967,51,31,28,37,36,87,28,25,27,23
968,40,27,22,23,37,94,45,26,37,21
969,78,26,48,40,27,57,31,20,22,29
970,130,44,18,38,37,218,43,33,34,37
971,46,38,29,35,42,47,28,30,28,21
972,33,38,27,50,29,119,22,34,37,52
973,29,24,26,42,25,93,15,31,32,24
974,257,39,63,36,46,58,62,37,36,39
975,179,36,25,21,28,78,24,19,24,26
976,87,46,47,55,26,109,31,63,59,38
977,110,47,35,30,43,44,33,28,37,38
978,87,52,21,27,49,68,41,36,39,31
979,67,36,18,19,28,202,27,24,18,13
980,61,27,21,25,20,32,26,27,17,27
981,86,38,73,38,33,178,25,29,31,32
982,77,26,36,26,23,54,33,30,43,23
983,40,22,41,25,26,116,28,52,31,21
984,7,29,29,20,20,43,32,29,37,44
985,112,26,64,27,42,149,36,60,44,35
986,63,34,27,33,33,102,37,41,44,35
987,168,39,32,27,33,30,28,27,32,25
988,40,44,24,40,27,111,24,50,21,28
989,297,37,42,23,21,178,20,26,42,28
990,107,19,13,13,27,180,9,12,21,21
991,94,14,13,19,50,308,16,17,14,20
992,112,8,7,18,22,42,8,12,16,12
993,59,31,31,39,47,23,26,33,28,23
994,25,22,22,15,35,131,23,25,32,22
995,46,35,52,35,38,78,26,26,31,35
996,87,38,35,38,66,202,36,36,38,34
997,73,32,51,40,97,56,78,34,51,30
998,121,40,31,35,34,253,27,40,47,48
999,162,38,39,24,31,127,35,29,33,36
1000,31,33,19,31,30,55,19,26,26,21
