Node,Rank Effect,CVF In (Max),CVF In (Avg),CVF Out (Max),CVF Out (Avg)
0,-124,0,0,0,0
0,-123,0,0,0,0
0,-122,0,0,0,0
0,-121,0,0,0,0
0,-120,0,0,0,0
0,-119,0,0,0,0
0,-118,0,0,0,0
0,-117,0,0,0,0
0,-116,0,0,0,0
0,-115,0,0,0,0
0,-114,0,0,0,0
0,-113,0,0,0,0
0,-112,0,0,0,0
0,-111,0,0,0,0
0,-110,0,0,0,0
0,-109,0,0,0,0
0,-108,0,0,0,0
0,-107,0,0,0,0
0,-106,0,0,3,0
0,-105,0,0,3,0
0,-104,0,0,0,0
0,-103,0,0,6,0
0,-102,0,0,6,0
0,-101,0,0,0,0
0,-100,0,0,9,0
0,-99,0,0,9,0
0,-98,0,0,0,0
0,-97,0,0,18,0
0,-96,0,0,18,0
0,-95,0,0,0,0
0,-94,0,0,33,0
0,-93,0,0,33,0
0,-92,0,0,0,3
0,-91,0,0,48,3
0,-90,0,0,48,0
0,-89,0,0,0,6
0,-88,0,0,75,12
0,-87,0,0,69,9
0,-86,0,0,0,3
0,-85,0,0,126,0
0,-84,0,0,120,15
0,-83,0,0,6,18
0,-82,0,0,255,21
0,-81,0,0,138,21
0,-80,0,0,0,30
0,-79,0,0,396,27
0,-78,0,0,249,33
0,-77,0,0,6,21
0,-76,0,0,615,54
0,-75,0,0,264,66
0,-74,0,0,15,63
0,-73,0,0,2976,75
0,-72,0,0,2394,75
0,-71,0,0,18,105
0,-70,0,0,2655,123
0,-69,0,0,354,117
0,-68,0,0,48,165
0,-67,0,0,6645,234
0,-66,0,0,2760,324
0,-65,0,0,87,303
0,-64,0,0,4275,459
0,-63,0,0,1956,633
0,-62,0,0,186,606
0,-61,0,0,4833,807
0,-60,0,0,3735,1053
0,-59,0,0,342,1056
0,-58,0,0,4035,1407
0,-57,0,0,2673,2016
0,-56,0,0,558,2079
0,-55,0,0,6222,2406
0,-54,0,0,2934,2529
0,-53,0,0,888,2490
0,-52,0,0,8148,2355
0,-51,0,0,4722,2532
0,-50,0,0,2253,2814
0,-49,0,0,7887,3315
0,-48,0,0,14112,3999
0,-47,0,0,4437,4497
0,-46,0,0,6558,4749
0,-45,0,0,4431,5730
0,-44,0,0,1947,6612
0,-43,0,0,4611,6825
0,-42,0,0,10335,7050
0,-41,0,0,2439,7944
0,-40,0,0,4683,8307
0,-39,0,0,4920,8385
0,-38,0,0,2574,8748
0,-37,0,0,5409,8361
0,-36,0,0,11262,8010
0,-35,0,0,4470,8262
0,-34,0,0,2781,8190
0,-33,0,0,5493,9033
0,-32,0,0,5088,8841
0,-31,0,0,2685,7686
0,-30,0,0,7899,7692
0,-29,0,0,13089,6870
0,-28,0,0,2682,6315
0,-27,0,0,8529,5907
0,-26,0,0,4656,5676
0,-25,0,0,4359,5163
0,-24,0,0,7086,4893
0,-23,0,0,10896,4761
0,-22,0,0,11814,5160
0,-21,0,0,6684,5571
0,-20,0,0,12669,6276
0,-19,0,0,13632,6876
0,-18,0,0,5448,7134
0,-17,0,0,14025,8013
0,-16,0,0,14706,8982
0,-15,0,0,4650,9477
0,-14,0,0,13878,9981
0,-13,0,0,13836,11040
0,-12,0,0,3897,11523
0,-11,0,0,9618,12375
0,-10,0,0,9387,12111
0,-9,0,0,543,11772
0,-8,0,0,9294,11943
0,-7,0,0,7545,13101
0,-6,0,0,594,13764
0,-5,0,0,4986,13059
0,-4,0,0,8073,13821
0,-3,0,0,237,16386
0,-2,0,0,12459,35964
0,-1,0,0,119817,64968
0,0,36,36,96,26274
0,1,0,0,119817,64968
0,2,0,0,12459,35964
0,3,0,0,237,16386
0,4,0,0,8073,13821
0,5,0,0,4986,13059
0,6,0,3,594,13761
0,7,0,0,7545,13101
0,8,0,3,9294,11940
0,9,3,0,540,11772
0,10,3,3,9384,12108
0,11,3,3,9615,12372
0,12,3,3,3894,11520
0,13,3,3,13833,11037
0,14,3,3,13875,9978
0,15,3,3,4647,9474
0,16,3,3,14703,8979
0,17,3,0,14022,8013
0,18,0,0,5448,7134
0,19,0,0,13632,6876
0,20,0,0,12669,6276
0,21,0,0,6684,5571
0,22,0,0,11814,5160
0,23,0,0,10896,4761
0,24,0,0,7086,4893
0,25,0,0,4359,5163
0,26,0,12,4656,5664
0,27,6,30,8523,5877
0,28,12,18,2670,6297
0,29,12,24,13077,6846
0,30,12,18,7887,7674
0,31,12,12,2673,7674
0,32,12,6,5076,8835
0,33,12,3,5481,9030
0,34,12,6,2769,8184
0,35,12,3,4458,8259
0,36,9,3,11253,8007
0,37,6,3,5403,8358
0,38,3,3,2571,8745
0,39,3,0,4917,8385
0,40,3,0,4680,8307
0,41,3,0,2436,7944
0,42,3,0,10332,7050
0,43,3,0,4608,6825
0,44,3,0,1944,6612
0,45,3,0,4428,5730
0,46,0,0,6558,4749
0,47,0,0,4437,4497
0,48,0,0,14112,3999
0,49,0,0,7887,3315
0,50,0,0,2253,2814
0,51,0,0,4722,2532
0,52,0,0,8148,2355
0,53,0,12,888,2478
0,54,0,12,2934,2517
0,55,0,12,6222,2394
0,56,0,6,558,2073
0,57,6,6,2667,2010
0,58,6,6,4029,1401
0,59,6,0,336,1056
0,60,6,0,3729,1053
0,61,6,0,4827,807
0,62,6,0,180,606
0,63,6,0,1950,633
0,64,6,0,4269,459
0,65,6,0,81,303
0,66,0,0,2760,324
0,67,0,0,6645,234
0,68,0,0,48,165
0,69,0,0,354,117
0,70,0,0,2655,123
0,71,0,0,18,105
0,72,0,0,2394,75
0,73,0,0,2976,75
0,74,0,0,15,63
0,75,0,0,264,66
0,76,0,0,615,54
0,77,0,0,6,21
0,78,0,0,249,33
0,79,0,0,396,27
0,80,0,0,0,30
0,81,0,0,138,21
0,82,0,0,255,21
0,83,0,0,6,18
0,84,0,0,120,15
0,85,0,0,126,0
0,86,0,0,0,3
0,87,0,0,69,9
0,88,0,0,75,12
0,89,0,0,0,6
0,90,0,0,48,0
0,91,0,0,48,3
0,92,0,0,0,3
0,93,0,0,33,0
0,94,0,0,33,0
0,95,0,0,0,0
0,96,0,0,18,0
0,97,0,0,18,0
0,98,0,0,0,0
0,99,0,0,9,0
0,100,0,0,9,0
0,101,0,0,0,0
0,102,0,0,6,0
0,103,0,0,6,0
0,104,0,0,0,0
0,105,0,0,3,0
0,106,0,0,3,0
0,107,0,0,0,0
0,108,0,0,0,0
0,109,0,0,0,0
0,110,0,0,0,0
0,111,0,0,0,0
0,112,0,0,0,0
0,113,0,0,0,0
0,114,0,0,0,0
0,115,0,0,0,0
0,116,0,0,0,0
0,117,0,0,0,0
0,118,0,0,0,0
0,119,0,0,0,0
0,120,0,0,0,0
0,121,0,0,0,0
0,122,0,0,0,0
0,123,0,0,0,0
0,124,0,0,0,0
1,-124,0,0,12,0
1,-123,0,0,0,0
1,-122,0,0,0,0
1,-121,0,0,15,0
1,-120,0,0,0,0
1,-119,0,0,0,0
1,-118,0,0,51,0
1,-117,0,0,0,0
1,-116,0,0,0,0
1,-115,0,0,72,3
1,-114,0,0,0,0
1,-113,0,0,0,0
1,-112,0,0,117,9
1,-111,0,0,0,0
1,-110,0,0,0,6
1,-109,0,0,159,0
1,-108,0,0,0,12
1,-107,0,0,0,0
1,-106,0,0,240,12
1,-105,0,0,0,18
1,-104,0,0,0,21
1,-103,0,0,345,12
1,-102,0,0,0,27
1,-101,0,0,0,3
1,-100,0,0,666,27
1,-99,0,0,0,45
1,-98,0,0,0,51
1,-97,0,0,258,48
1,-96,0,0,60,57
1,-95,0,0,0,87
1,-94,0,0,2142,51
1,-93,0,0,48,66
1,-92,0,0,0,108
1,-91,0,0,297,105
1,-90,0,0,204,102
1,-89,0,0,3,210
1,-88,0,0,1026,195
1,-87,0,0,231,144
1,-86,0,0,6,117
1,-85,0,0,1389,111
1,-84,0,0,225,144
1,-83,0,0,6,174
1,-82,0,0,2271,207
1,-81,0,0,420,147
1,-80,0,0,0,171
1,-79,0,0,996,171
1,-78,0,0,510,273
1,-77,0,0,0,243
1,-76,0,0,3930,198
1,-75,0,0,525,309
1,-74,0,0,0,441
1,-73,0,0,2640,432
1,-72,0,0,1023,378
1,-71,0,0,0,654
1,-70,0,0,3882,786
1,-69,0,0,2901,807
1,-68,0,0,0,729
1,-67,0,0,4050,825
1,-66,0,0,5871,816
1,-65,0,0,24,951
1,-64,0,0,2550,1002
1,-63,0,0,3804,1266
1,-62,0,0,69,1464
1,-61,0,0,2130,1491
1,-60,0,0,3504,1431
1,-59,0,0,96,1491
1,-58,0,0,3333,1584
1,-57,0,0,2022,1677
1,-56,0,0,117,1710
1,-55,0,0,2067,2313
1,-54,0,0,6285,2352
1,-53,0,0,279,2142
1,-52,0,0,1815,2187
1,-51,0,0,4740,2478
1,-50,0,0,366,2526
1,-49,0,0,1692,2724
1,-48,0,0,3762,2820
1,-47,0,0,495,3015
1,-46,0,0,1641,3261
1,-45,0,0,5223,3489
1,-44,0,0,966,3318
1,-43,0,0,1344,2922
1,-42,0,0,4176,3120
1,-41,0,0,1026,3480
1,-40,0,0,1137,3360
1,-39,0,0,4644,3405
1,-38,0,0,1296,3372
1,-37,0,0,531,3099
1,-36,0,0,3720,2586
1,-35,0,0,1710,2562
1,-34,0,0,546,2391
1,-33,0,0,3546,2280
1,-32,0,0,3642,2304
1,-31,0,0,588,2478
1,-30,0,0,2406,2394
1,-29,0,0,1926,2298
1,-28,0,0,3102,2430
1,-27,0,0,2301,2496
1,-26,0,0,3084,4560
1,-25,0,0,963,3021
1,-24,0,0,657,2691
1,-23,0,0,3486,2463
1,-22,0,0,5463,2691
1,-21,0,0,591,3249
1,-20,0,0,7140,4071
1,-19,0,0,14211,3240
1,-18,0,0,126,3849
1,-17,0,0,14277,3408
1,-16,0,0,23109,3459
1,-15,0,0,429,4464
1,-14,0,0,16386,4929
1,-13,0,0,25980,6039
1,-12,0,0,375,6690
1,-11,0,0,16770,7509
1,-10,0,0,21843,8721
1,-9,0,0,309,9939
1,-8,0,0,17412,10983
1,-7,0,0,24969,12522
1,-6,0,0,306,15792
1,-5,0,0,16674,21300
1,-4,0,0,36321,32445
1,-3,0,0,198,40878
1,-2,0,0,30588,57288
1,-1,0,0,128550,111693
1,0,24,24,0,80628
1,1,0,0,128550,111693
1,2,0,0,30588,57288
1,3,0,0,198,40878
1,4,0,0,36321,32445
1,5,0,0,16674,21300
1,6,0,0,306,15792
1,7,0,0,24969,12522
1,8,0,0,17412,10983
1,9,0,0,309,9939
1,10,0,0,21843,8721
1,11,0,0,16770,7509
1,12,0,0,375,6690
1,13,0,0,25980,6039
1,14,0,0,16386,4929
1,15,0,0,429,4464
1,16,0,6,23109,3453
1,17,6,3,14271,3405
1,18,3,3,123,3846
1,19,3,3,14208,3237
1,20,3,3,7137,4068
1,21,3,3,588,3246
1,22,3,3,5460,2688
1,23,3,3,3483,2460
1,24,3,3,654,2688
1,25,3,3,960,3018
1,26,3,9,3081,4551
1,27,9,18,2292,2478
1,28,18,6,3084,2424
1,29,6,6,1920,2292
1,30,6,12,2400,2382
1,31,6,6,582,2472
1,32,12,6,3630,2298
1,33,6,12,3540,2268
1,34,6,3,540,2388
1,35,3,0,1707,2562
1,36,6,6,3714,2580
1,37,0,0,531,3099
1,38,0,6,1296,3366
1,39,0,9,4644,3396
1,40,6,3,1131,3357
1,41,0,3,1026,3477
1,42,0,9,4176,3111
1,43,0,3,1344,2919
1,44,6,3,960,3315
1,45,6,3,5217,3486
1,46,3,9,1638,3252
1,47,3,0,492,3015
1,48,9,0,3753,2820
1,49,3,6,1689,2718
1,50,3,0,363,2526
1,51,3,0,4737,2478
1,52,9,0,1806,2187
1,53,3,6,276,2136
1,54,0,0,6285,2352
1,55,0,0,2067,2313
1,56,6,3,111,1707
1,57,0,0,2022,1677
1,58,0,6,3333,1578
1,59,0,0,96,1491
1,60,6,0,3498,1431
1,61,0,0,2130,1491
1,62,0,3,69,1461
1,63,0,0,3804,1266
1,64,3,0,2547,1002
1,65,6,3,18,948
1,66,0,3,5871,813
1,67,0,0,4050,825
1,68,0,0,0,729
1,69,0,3,2901,804
1,70,0,0,3882,786
1,71,0,3,0,651
1,72,0,3,1023,375
1,73,0,0,2640,432
1,74,0,6,0,435
1,75,0,3,525,306
1,76,0,9,3930,189
1,77,0,6,0,237
1,78,0,3,510,270
1,79,0,3,996,168
1,80,0,0,0,171
1,81,6,0,414,147
1,82,6,0,2265,207
1,83,6,0,0,174
1,84,6,0,219,144
1,85,6,0,1383,111
1,86,6,0,0,117
1,87,6,0,225,144
1,88,6,0,1020,195
1,89,0,0,3,210
1,90,0,0,204,102
1,91,0,0,297,105
1,92,0,0,0,108
1,93,0,0,48,66
1,94,0,0,2142,51
1,95,0,0,0,87
1,96,0,0,60,57
1,97,0,0,258,48
1,98,0,0,0,51
1,99,0,0,0,45
1,100,0,0,666,27
1,101,0,0,0,3
1,102,0,0,0,27
1,103,0,0,345,12
1,104,0,0,0,21
1,105,0,0,0,18
1,106,0,0,240,12
1,107,0,0,0,0
1,108,0,0,0,12
1,109,0,0,159,0
1,110,0,0,0,6
1,111,0,0,0,0
1,112,0,0,117,9
1,113,0,0,0,0
1,114,0,0,0,0
1,115,0,0,72,3
1,116,0,0,0,0
1,117,0,0,0,0
1,118,0,0,51,0
1,119,0,0,0,0
1,120,0,0,0,0
1,121,0,0,15,0
1,122,0,0,0,0
1,123,0,0,0,0
1,124,0,0,12,0
2,-124,0,0,12,0
2,-123,0,0,0,0
2,-122,0,0,0,0
2,-121,0,0,15,0
2,-120,0,0,0,0
2,-119,0,0,0,0
2,-118,0,0,51,0
2,-117,0,0,0,0
2,-116,0,0,0,3
2,-115,0,0,72,6
2,-114,0,0,0,3
2,-113,0,0,0,0
2,-112,0,0,93,3
2,-111,0,0,0,3
2,-110,0,0,0,15
2,-109,0,0,147,0
2,-108,0,0,48,12
2,-107,0,0,0,9
2,-106,0,0,252,18
2,-105,0,0,108,18
2,-104,0,0,0,9
2,-103,0,0,357,30
2,-102,0,0,156,33
2,-101,0,0,0,39
2,-100,0,0,288,60
2,-99,0,0,180,63
2,-98,0,0,0,54
2,-97,0,0,297,78
2,-96,0,0,228,75
2,-95,0,0,0,96
2,-94,0,0,906,45
2,-93,0,0,321,108
2,-92,0,0,0,189
2,-91,0,0,345,165
2,-90,0,0,351,117
2,-89,0,0,3,135
2,-88,0,0,654,153
2,-87,0,0,414,156
2,-86,0,0,18,132
2,-85,0,0,1299,156
2,-84,0,0,1215,177
2,-83,0,0,36,249
2,-82,0,0,2145,228
2,-81,0,0,2061,162
2,-80,0,0,0,267
2,-79,0,0,1443,408
2,-78,0,0,1890,279
2,-77,0,0,12,264
2,-76,0,0,2184,330
2,-75,0,0,1569,417
2,-74,0,0,15,402
2,-73,0,0,3039,402
2,-72,0,0,3678,561
2,-71,0,0,240,687
2,-70,0,0,2061,654
2,-69,0,0,3678,600
2,-68,0,0,84,888
2,-67,0,0,2616,939
2,-66,0,0,2820,1059
2,-65,0,0,183,1017
2,-64,0,0,2835,1245
2,-63,0,0,3294,1149
2,-62,0,0,282,1377
2,-61,0,0,3039,1488
2,-60,0,0,3597,1317
2,-59,0,0,708,1332
2,-58,0,0,2355,1566
2,-57,0,0,3651,1770
2,-56,0,0,444,1734
2,-55,0,0,2547,2127
2,-54,0,0,3444,2310
2,-53,0,0,1629,2367
2,-52,0,0,1854,2418
2,-51,0,0,3219,2457
2,-50,0,0,1692,2622
2,-49,0,0,2769,2448
2,-48,0,0,4293,2277
2,-47,0,0,1656,2643
2,-46,0,0,1668,2721
2,-45,0,0,3384,2850
2,-44,0,0,2262,3099
2,-43,0,0,1680,3297
2,-42,0,0,3933,3321
2,-41,0,0,2322,2976
2,-40,0,0,1494,2604
2,-39,0,0,3531,3117
2,-38,0,0,1374,3291
2,-37,0,0,924,4017
2,-36,0,0,4656,3219
2,-35,0,0,3984,2823
2,-34,0,0,624,2931
2,-33,0,0,2004,3036
2,-32,0,0,1947,2715
2,-31,0,0,921,2688
2,-30,0,0,2832,2535
2,-29,0,0,3138,2625
2,-28,0,0,528,2553
2,-27,0,0,2034,2622
2,-26,0,0,2013,2616
2,-25,0,0,2361,2709
2,-24,0,0,1866,2913
2,-23,0,0,2058,3924
2,-22,0,0,2706,3543
2,-21,0,0,510,3252
2,-20,0,0,4971,2961
2,-19,0,0,6408,3312
2,-18,0,0,816,3342
2,-17,0,0,9330,3243
2,-16,0,0,10113,3051
2,-15,0,0,198,3129
2,-14,0,0,14103,3195
2,-13,0,0,14406,4029
2,-12,0,0,153,4920
2,-11,0,0,17436,5592
2,-10,0,0,14676,6555
2,-9,0,0,222,8103
2,-8,0,0,22659,9765
2,-7,0,0,20247,11796
2,-6,0,0,174,14268
2,-5,0,0,37398,18324
2,-4,0,0,42990,26304
2,-3,0,0,114,34671
2,-2,0,0,39294,53313
2,-1,0,0,137931,125505
2,0,24,24,288,122868
2,1,0,0,137931,125505
2,2,0,0,39294,53313
2,3,0,0,114,34671
2,4,0,0,42990,26304
2,5,0,0,37398,18324
2,6,0,0,174,14268
2,7,0,0,20247,11796
2,8,0,0,22659,9765
2,9,0,0,222,8103
2,10,0,0,14676,6555
2,11,0,0,17436,5592
2,12,0,0,153,4920
2,13,0,0,14406,4029
2,14,0,6,14103,3189
2,15,6,3,192,3126
2,16,3,3,10110,3048
2,17,3,3,9327,3240
2,18,3,3,813,3339
2,19,3,3,6405,3309
2,20,3,3,4968,2958
2,21,3,3,507,3249
2,22,3,3,2703,3540
2,23,3,9,2055,3915
2,24,9,6,1857,2907
2,25,6,6,2355,2703
2,26,6,6,2007,2610
2,27,6,6,2028,2616
2,28,6,18,522,2535
2,29,6,12,3132,2613
2,30,18,9,2814,2526
2,31,9,3,912,2685
2,32,6,0,1941,2715
2,33,0,9,2004,3027
2,34,3,12,621,2919
2,35,3,3,3981,2820
2,36,9,9,4647,3210
2,37,0,3,924,4014
2,38,0,3,1374,3288
2,39,0,3,3531,3114
2,40,12,9,1482,2595
2,41,3,0,2319,2976
2,42,3,0,3930,3321
2,43,3,6,1677,3291
2,44,9,0,2253,3099
2,45,3,0,3381,2850
2,46,3,6,1665,2715
2,47,3,0,1653,2643
2,48,6,0,4287,2277
2,49,0,0,2769,2448
2,50,0,6,1692,2616
2,51,0,0,3219,2457
2,52,6,0,1848,2418
2,53,0,6,1629,2361
2,54,0,0,3444,2310
2,55,0,0,2547,2127
2,56,6,0,438,1734
2,57,0,3,3651,1767
2,58,0,6,2355,1560
2,59,0,0,708,1332
2,60,6,0,3591,1317
2,61,0,0,3039,1488
2,62,0,3,282,1374
2,63,0,3,3294,1146
2,64,3,0,2832,1245
2,65,6,0,177,1017
2,66,0,3,2820,1056
2,67,0,0,2616,939
2,68,0,0,84,888
2,69,0,3,3678,597
2,70,0,0,2061,654
2,71,0,6,240,681
2,72,0,3,3678,558
2,73,0,3,3039,399
2,74,0,3,15,399
2,75,0,6,1569,411
2,76,0,3,2184,327
2,77,0,6,12,258
2,78,0,3,1890,276
2,79,0,0,1443,408
2,80,0,0,0,267
2,81,6,0,2055,162
2,82,9,0,2136,228
2,83,6,0,30,249
2,84,6,0,1209,177
2,85,6,0,1293,156
2,86,6,0,12,132
2,87,6,0,408,156
2,88,0,0,654,153
2,89,0,0,3,135
2,90,0,0,351,117
2,91,0,0,345,165
2,92,0,0,0,189
2,93,0,0,321,108
2,94,0,0,906,45
2,95,0,0,0,96
2,96,0,0,228,75
2,97,0,0,297,78
2,98,0,0,0,54
2,99,0,0,180,63
2,100,0,0,288,60
2,101,0,0,0,39
2,102,0,0,156,33
2,103,0,0,357,30
2,104,0,0,0,9
2,105,0,0,108,18
2,106,0,0,252,18
2,107,0,0,0,9
2,108,0,0,48,12
2,109,0,0,147,0
2,110,0,0,0,15
2,111,0,0,0,3
2,112,0,0,93,3
2,113,0,0,0,0
2,114,0,0,0,3
2,115,0,0,72,6
2,116,0,0,0,3
2,117,0,0,0,0
2,118,0,0,51,0
2,119,0,0,0,0
2,120,0,0,0,0
2,121,0,0,15,0
2,122,0,0,0,0
2,123,0,0,0,0
2,124,0,0,12,0
3,-124,0,0,12,0
3,-123,0,0,0,0
3,-122,0,0,0,0
3,-121,0,0,15,0
3,-120,0,0,0,0
3,-119,0,0,0,0
3,-118,0,0,51,0
3,-117,0,0,0,0
3,-116,0,0,0,9
3,-115,0,0,48,0
3,-114,0,0,0,6
3,-113,0,0,0,0
3,-112,0,0,93,9
3,-111,0,0,0,0
3,-110,0,0,0,12
3,-109,0,0,135,6
3,-108,0,0,60,15
3,-107,0,0,0,9
3,-106,0,0,273,18
3,-105,0,0,132,12
3,-104,0,0,0,18
3,-103,0,0,183,36
3,-102,0,0,216,30
3,-101,0,0,0,39
3,-100,0,0,210,42
3,-99,0,0,183,87
3,-98,0,0,0,78
3,-97,0,0,267,90
3,-96,0,0,213,132
3,-95,0,0,0,45
3,-94,0,0,732,102
3,-93,0,0,339,93
3,-92,0,0,0,105
3,-91,0,0,375,111
3,-90,0,0,462,105
3,-89,0,0,3,225
3,-88,0,0,726,168
3,-87,0,0,897,177
3,-86,0,0,6,159
3,-85,0,0,960,195
3,-84,0,0,546,222
3,-83,0,0,36,159
3,-82,0,0,1809,258
3,-81,0,0,1746,300
3,-80,0,0,45,234
3,-79,0,0,1518,225
3,-78,0,0,1722,279
3,-77,0,0,15,333
3,-76,0,0,1473,303
3,-75,0,0,1446,411
3,-74,0,0,27,543
3,-73,0,0,2232,495
3,-72,0,0,2037,498
3,-71,0,0,90,516
3,-70,0,0,2103,615
3,-69,0,0,2673,693
3,-68,0,0,258,768
3,-67,0,0,2283,951
3,-66,0,0,2466,870
3,-65,0,0,189,1002
3,-64,0,0,2256,1242
3,-63,0,0,3009,1368
3,-62,0,0,297,1473
3,-61,0,0,2745,1278
3,-60,0,0,3462,1428
3,-59,0,0,483,1455
3,-58,0,0,2469,1386
3,-57,0,0,3210,1632
3,-56,0,0,771,1686
3,-55,0,0,2193,1953
3,-54,0,0,2817,2019
3,-53,0,0,882,1884
3,-52,0,0,2106,2169
3,-51,0,0,4077,2091
3,-50,0,0,1851,2109
3,-49,0,0,1884,2328
3,-48,0,0,4068,2247
3,-47,0,0,1758,2271
3,-46,0,0,2001,1998
3,-45,0,0,4344,2115
3,-44,0,0,2652,2061
3,-43,0,0,1272,2241
3,-42,0,0,3717,2688
3,-41,0,0,2196,2778
3,-40,0,0,1614,2763
3,-39,0,0,4041,2817
3,-38,0,0,3723,3075
3,-37,0,0,1482,3357
3,-36,0,0,3483,2967
3,-35,0,0,2121,3021
3,-34,0,0,987,3570
3,-33,0,0,4317,3624
3,-32,0,0,3861,3234
3,-31,0,0,585,3420
3,-30,0,0,3531,3339
3,-29,0,0,3222,3357
3,-28,0,0,639,3297
3,-27,0,0,3345,3342
3,-26,0,0,3450,3753
3,-25,0,0,930,3891
3,-24,0,0,2070,4110
3,-23,0,0,2169,3663
3,-22,0,0,2757,3936
3,-21,0,0,2349,3981
3,-20,0,0,4209,4584
3,-19,0,0,3552,4182
3,-18,0,0,1080,3339
3,-17,0,0,9189,3378
3,-16,0,0,7017,3579
3,-15,0,0,774,3657
3,-14,0,0,12147,3462
3,-13,0,0,12342,3942
3,-12,0,0,396,4362
3,-11,0,0,21171,5277
3,-10,0,0,16998,6381
3,-9,0,0,384,7842
3,-8,0,0,25320,9744
3,-7,0,0,30858,12291
3,-6,0,0,138,16326
3,-5,0,0,34410,20211
3,-4,0,0,46269,26652
3,-3,0,0,342,37212
3,-2,0,0,31275,52806
3,-1,0,0,135027,113547
3,0,24,24,60,124860
3,1,0,0,135027,113547
3,2,0,0,31275,52806
3,3,0,0,342,37212
3,4,0,0,46269,26652
3,5,0,0,34410,20211
3,6,0,0,138,16326
3,7,0,0,30858,12291
3,8,0,0,25320,9744
3,9,0,0,384,7842
3,10,0,0,16998,6381
3,11,0,0,21171,5277
3,12,0,6,396,4356
3,13,6,3,12336,3939
3,14,3,3,12144,3459
3,15,3,3,771,3654
3,16,3,3,7014,3576
3,17,3,3,9186,3375
3,18,3,3,1077,3336
3,19,3,3,3549,4179
3,20,3,9,4206,4575
3,21,9,6,2340,3975
3,22,6,6,2751,3930
3,23,6,6,2163,3657
3,24,6,6,2064,4104
3,25,6,6,924,3885
3,26,6,3,3444,3750
3,27,3,0,3342,3342
3,28,0,6,639,3291
3,29,0,6,3222,3351
3,30,3,18,3528,3321
3,31,3,9,582,3411
3,32,12,12,3849,3222
3,33,6,12,4311,3612
3,34,9,12,978,3558
3,35,15,3,2106,3018
3,36,12,0,3471,2967
3,37,6,6,1476,3351
3,38,3,0,3720,3075
3,39,3,0,4038,2817
3,40,9,6,1605,2757
3,41,3,0,2193,2778
3,42,0,0,3717,2688
3,43,0,6,1272,2235
3,44,6,0,2646,2061
3,45,0,0,4344,2115
3,46,0,0,2001,1998
3,47,0,6,1758,2265
3,48,6,0,4062,2247
3,49,0,0,1884,2328
3,50,0,6,1851,2103
3,51,0,0,4077,2091
3,52,6,0,2100,2169
3,53,0,6,882,1878
3,54,0,0,2817,2019
3,55,0,0,2193,1953
3,56,6,0,765,1686
3,57,0,3,3210,1629
3,58,0,6,2469,1380
3,59,0,0,483,1455
3,60,6,0,3456,1428
3,61,0,0,2745,1278
3,62,0,6,297,1467
3,63,0,0,3009,1368
3,64,3,0,2253,1242
3,65,6,0,183,1002
3,66,0,3,2466,867
3,67,0,0,2283,951
3,68,0,3,258,765
3,69,0,3,2673,690
3,70,0,3,2103,612
3,71,0,0,90,516
3,72,0,3,2037,495
3,73,0,6,2232,489
3,74,0,6,27,537
3,75,0,0,1446,411
3,76,0,3,1473,300
3,77,0,3,15,330
3,78,0,3,1722,276
3,79,0,0,1518,225
3,80,0,0,45,234
3,81,6,0,1740,300
3,82,9,0,1800,258
3,83,9,0,27,159
3,84,6,0,540,222
3,85,6,0,954,195
3,86,6,0,0,159
3,87,0,0,897,177
3,88,0,0,726,168
3,89,0,0,3,225
3,90,0,0,462,105
3,91,0,0,375,111
3,92,0,0,0,105
3,93,0,0,339,93
3,94,0,0,732,102
3,95,0,0,0,45
3,96,0,0,213,132
3,97,0,0,267,90
3,98,0,0,0,78
3,99,0,0,183,87
3,100,0,0,210,42
3,101,0,0,0,39
3,102,0,0,216,30
3,103,0,0,183,36
3,104,0,0,0,18
3,105,0,0,132,12
3,106,0,0,273,18
3,107,0,0,0,9
3,108,0,0,60,15
3,109,0,0,135,6
3,110,0,0,0,12
3,111,0,0,0,0
3,112,0,0,93,9
3,113,0,0,0,0
3,114,0,0,0,6
3,115,0,0,48,0
3,116,0,0,0,9
3,117,0,0,0,0
3,118,0,0,51,0
3,119,0,0,0,0
3,120,0,0,0,0
3,121,0,0,15,0
3,122,0,0,0,0
3,123,0,0,0,0
3,124,0,0,12,0
4,-124,0,0,12,0
4,-123,0,0,0,0
4,-122,0,0,0,0
4,-121,0,0,15,0
4,-120,0,0,0,0
4,-119,0,0,0,0
4,-118,0,0,39,0
4,-117,0,0,0,0
4,-116,0,0,0,9
4,-115,0,0,36,3
4,-114,0,0,12,3
4,-113,0,0,0,0
4,-112,0,0,81,12
4,-111,0,0,12,0
4,-110,0,0,0,9
4,-109,0,0,156,3
4,-108,0,0,60,9
4,-107,0,0,0,9
4,-106,0,0,141,12
4,-105,0,0,123,21
4,-104,0,0,0,27
4,-103,0,0,219,45
4,-102,0,0,132,18
4,-101,0,0,0,48
4,-100,0,0,225,78
4,-99,0,0,201,90
4,-98,0,0,0,51
4,-97,0,0,267,84
4,-96,0,0,267,114
4,-95,0,0,0,81
4,-94,0,0,465,72
4,-93,0,0,339,45
4,-92,0,0,0,177
4,-91,0,0,498,159
4,-90,0,0,567,90
4,-89,0,0,3,90
4,-88,0,0,633,180
4,-87,0,0,435,117
4,-86,0,0,0,162
4,-85,0,0,1008,183
4,-84,0,0,786,234
4,-83,0,0,24,168
4,-82,0,0,1110,318
4,-81,0,0,1026,249
4,-80,0,0,36,174
4,-79,0,0,1587,255
4,-78,0,0,1293,258
4,-77,0,0,42,333
4,-76,0,0,1332,240
4,-75,0,0,1902,327
4,-74,0,0,78,429
4,-73,0,0,2127,360
4,-72,0,0,1896,456
4,-71,0,0,165,567
4,-70,0,0,1599,642
4,-69,0,0,2292,714
4,-68,0,0,150,801
4,-67,0,0,1860,888
4,-66,0,0,1902,924
4,-65,0,0,360,1224
4,-64,0,0,1989,1176
4,-63,0,0,2943,1110
4,-62,0,0,312,1242
4,-61,0,0,2349,1251
4,-60,0,0,2649,1446
4,-59,0,0,612,1485
4,-58,0,0,1731,1485
4,-57,0,0,2670,1425
4,-56,0,0,822,1392
4,-55,0,0,1617,1398
4,-54,0,0,2568,1392
4,-53,0,0,1332,1536
4,-52,0,0,2052,1542
4,-51,0,0,3288,1236
4,-50,0,0,1182,1389
4,-49,0,0,1830,1623
4,-48,0,0,4092,1500
4,-47,0,0,2649,1584
4,-46,0,0,1845,1638
4,-45,0,0,4986,1776
4,-44,0,0,3087,1818
4,-43,0,0,1371,1827
4,-42,0,0,4215,1725
4,-41,0,0,3006,1830
4,-40,0,0,1197,2286
4,-39,0,0,4875,2679
4,-38,0,0,3717,2904
4,-37,0,0,1413,3480
4,-36,0,0,4359,4161
4,-35,0,0,3480,3900
4,-34,0,0,894,4260
4,-33,0,0,4458,4638
4,-32,0,0,3909,4587
4,-31,0,0,906,4797
4,-30,0,0,5040,5172
4,-29,0,0,4716,5187
4,-28,0,0,360,4914
4,-27,0,0,3015,4614
4,-26,0,0,3069,4836
4,-25,0,0,702,5313
4,-24,0,0,4209,5907
4,-23,0,0,4533,5472
4,-22,0,0,930,5235
4,-21,0,0,2406,4944
4,-20,0,0,4191,4422
4,-19,0,0,4212,3192
4,-18,0,0,1944,2973
4,-17,0,0,6828,2889
4,-16,0,0,5022,3567
4,-15,0,0,888,3474
4,-14,0,0,12597,3396
4,-13,0,0,10872,4116
4,-12,0,0,1485,5214
4,-11,0,0,20745,5613
4,-10,0,0,23391,6723
4,-9,0,0,717,8565
4,-8,0,0,25593,10242
4,-7,0,0,26862,12273
4,-6,0,0,366,16473
4,-5,0,0,35337,20544
4,-4,0,0,46668,29757
4,-3,0,0,399,41550
4,-2,0,0,30144,50556
4,-1,0,0,132270,102348
4,0,24,24,0,113736
4,1,0,0,132270,102348
4,2,0,0,30144,50556
4,3,0,0,399,41550
4,4,0,0,46668,29757
4,5,0,0,35337,20544
4,6,0,0,366,16473
4,7,0,0,26862,12273
4,8,0,0,25593,10242
4,9,0,0,717,8565
4,10,0,6,23391,6717
4,11,6,3,20739,5610
4,12,3,3,1482,5211
4,13,3,3,10869,4113
4,14,3,3,12594,3393
4,15,3,3,885,3471
4,16,3,3,5019,3564
4,17,3,9,6825,2880
4,18,9,6,1935,2967
4,19,6,6,4206,3186
4,20,6,12,4185,4410
4,21,6,3,2400,4941
4,22,6,0,924,5235
4,23,3,0,4530,5472
4,24,0,6,4209,5901
4,25,0,6,702,5307
4,26,3,6,3066,4830
4,27,3,3,3012,4611
4,28,0,6,360,4908
4,29,0,6,4716,5181
4,30,9,0,5031,5172
4,31,6,12,900,4785
4,32,3,9,3906,4578
4,33,3,9,4455,4629
4,34,18,9,876,4251
4,35,12,9,3468,3891
4,36,9,9,4350,4152
4,37,9,6,1404,3474
4,38,9,0,3708,2904
4,39,6,0,4869,2679
4,40,6,0,1191,2286
4,41,0,6,3006,1824
4,42,0,0,4215,1725
4,43,0,0,1371,1827
4,44,6,6,3081,1812
4,45,0,0,4986,1776
4,46,0,0,1845,1638
4,47,0,6,2649,1578
4,48,6,0,4086,1500
4,49,0,0,1830,1623
4,50,0,6,1182,1383
4,51,0,0,3288,1236
4,52,6,0,2046,1542
4,53,0,0,1332,1536
4,54,0,6,2568,1386
4,55,0,0,1617,1398
4,56,6,0,816,1392
4,57,0,3,2670,1422
4,58,0,0,1731,1485
4,59,0,6,612,1479
4,60,6,0,2643,1446
4,61,0,0,2349,1251
4,62,0,6,312,1236
4,63,0,0,2943,1110
4,64,3,0,1986,1176
4,65,6,3,354,1221
4,66,0,0,1902,924
4,67,0,0,1860,888
4,68,0,6,150,795
4,69,0,0,2292,714
4,70,0,3,1599,639
4,71,0,3,165,564
4,72,0,0,1896,456
4,73,0,6,2127,354
4,74,0,3,78,426
4,75,0,6,1902,321
4,76,0,0,1332,240
4,77,0,3,42,330
4,78,0,0,1293,258
4,79,0,0,1587,255
4,80,0,0,36,174
4,81,6,0,1020,249
4,82,9,0,1101,318
4,83,9,0,15,168
4,84,9,0,777,234
4,85,6,0,1002,183
4,86,0,0,0,162
4,87,0,0,435,117
4,88,0,0,633,180
4,89,0,0,3,90
4,90,0,0,567,90
4,91,0,0,498,159
4,92,0,0,0,177
4,93,0,0,339,45
4,94,0,0,465,72
4,95,0,0,0,81
4,96,0,0,267,114
4,97,0,0,267,84
4,98,0,0,0,51
4,99,0,0,201,90
4,100,0,0,225,78
4,101,0,0,0,48
4,102,0,0,132,18
4,103,0,0,219,45
4,104,0,0,0,27
4,105,0,0,123,21
4,106,0,0,141,12
4,107,0,0,0,9
4,108,0,0,60,9
4,109,0,0,156,3
4,110,0,0,0,9
4,111,0,0,12,0
4,112,0,0,81,12
4,113,0,0,0,0
4,114,0,0,12,3
4,115,0,0,36,3
4,116,0,0,0,9
4,117,0,0,0,0
4,118,0,0,39,0
4,119,0,0,0,0
4,120,0,0,0,0
4,121,0,0,15,0
4,122,0,0,0,0
4,123,0,0,0,0
4,124,0,0,12,0
5,-124,0,0,12,0
5,-123,0,0,0,0
5,-122,0,0,0,0
5,-121,0,0,3,0
5,-120,0,0,0,0
5,-119,0,0,0,0
5,-118,0,0,39,0
5,-117,0,0,0,0
5,-116,0,0,0,9
5,-115,0,0,33,3
5,-114,0,0,24,3
5,-113,0,0,0,0
5,-112,0,0,45,0
5,-111,0,0,36,0
5,-110,0,0,0,21
5,-109,0,0,126,3
5,-108,0,0,60,6
5,-107,0,0,0,9
5,-106,0,0,117,36
5,-105,0,0,96,24
5,-104,0,0,0,24
5,-103,0,0,183,51
5,-102,0,0,108,33
5,-101,0,0,0,45
5,-100,0,0,306,72
5,-99,0,0,192,30
5,-98,0,0,0,60
5,-97,0,0,129,54
5,-96,0,0,231,24
5,-95,0,0,0,75
5,-94,0,0,456,45
5,-93,0,0,423,48
5,-92,0,0,0,111
5,-91,0,0,618,123
5,-90,0,0,309,111
5,-89,0,0,3,156
5,-88,0,0,480,150
5,-87,0,0,447,129
5,-86,0,0,9,192
5,-85,0,0,648,207
5,-84,0,0,459,177
5,-83,0,0,21,213
5,-82,0,0,1164,168
5,-81,0,0,639,207
5,-80,0,0,18,207
5,-79,0,0,1200,168
5,-78,0,0,1410,237
5,-77,0,0,105,204
5,-76,0,0,996,240
5,-75,0,0,1605,234
5,-74,0,0,120,264
5,-73,0,0,1605,420
5,-72,0,0,1944,453
5,-71,0,0,111,465
5,-70,0,0,1617,621
5,-69,0,0,1749,546
5,-68,0,0,291,573
5,-67,0,0,1203,609
5,-66,0,0,1953,699
5,-65,0,0,450,864
5,-64,0,0,1716,918
5,-63,0,0,1587,942
5,-62,0,0,627,948
5,-61,0,0,1554,1149
5,-60,0,0,1983,1167
5,-59,0,0,618,1242
5,-58,0,0,1140,984
5,-57,0,0,2277,843
5,-56,0,0,1005,1062
5,-55,0,0,1221,867
5,-54,0,0,3012,870
5,-53,0,0,1263,1059
5,-52,0,0,1155,1044
5,-51,0,0,2649,930
5,-50,0,0,1848,843
5,-49,0,0,1746,999
5,-48,0,0,4203,963
5,-47,0,0,2826,882
5,-46,0,0,1326,1200
5,-45,0,0,5052,1287
5,-44,0,0,3612,1497
5,-43,0,0,1344,1437
5,-42,0,0,5178,1785
5,-41,0,0,4113,2109
5,-40,0,0,1065,2070
5,-39,0,0,5400,2697
5,-38,0,0,4548,3045
5,-37,0,0,1041,3486
5,-36,0,0,3864,3906
5,-35,0,0,3408,4812
5,-34,0,0,1197,5730
5,-33,0,0,7158,6285
5,-32,0,0,5781,5967
5,-31,0,0,582,7053
5,-30,0,0,4569,7896
5,-29,0,0,4125,7773
5,-28,0,0,816,8013
5,-27,0,0,5373,8091
5,-26,0,0,5412,8100
5,-25,0,0,1032,6876
5,-24,0,0,4659,6264
5,-23,0,0,5994,5424
5,-22,0,0,771,4749
5,-21,0,0,3486,3771
5,-20,0,0,5931,3564
5,-19,0,0,1074,3336
5,-18,0,0,2829,3051
5,-17,0,0,6810,3147
5,-16,0,0,5766,3054
5,-15,0,0,2250,3531
5,-14,0,0,10887,4404
5,-13,0,0,16305,5307
5,-12,0,0,1053,7035
5,-11,0,0,21033,7056
5,-10,0,0,18810,7950
5,-9,0,0,1230,9246
5,-8,0,0,32109,11601
5,-7,0,0,27831,14619
5,-6,0,0,876,19668
5,-5,0,0,28107,23661
5,-4,0,0,44310,29355
5,-3,0,0,660,37800
5,-2,0,0,27975,44511
5,-1,0,0,128442,92394
5,0,24,24,24,97362
5,1,0,0,128442,92394
5,2,0,0,27975,44511
5,3,0,0,660,37800
5,4,0,0,44310,29355
5,5,0,0,28107,23661
5,6,0,0,876,19668
5,7,0,0,27831,14619
5,8,0,6,32109,11595
5,9,6,3,1224,9243
5,10,3,3,18807,7947
5,11,3,3,21030,7053
5,12,3,3,1050,7032
5,13,3,12,16302,5295
5,14,3,6,10884,4398
5,15,9,6,2241,3525
5,16,6,6,5760,3048
5,17,6,3,6804,3144
5,18,6,0,2823,3051
5,19,3,6,1071,3330
5,20,0,6,5931,3558
5,21,0,6,3486,3765
5,22,3,3,768,4746
5,23,3,3,5991,5421
5,24,0,3,4659,6261
5,25,6,3,1026,6873
5,26,6,0,5406,8100
5,27,6,0,5367,8091
5,28,3,3,813,8010
5,29,3,3,4122,7770
5,30,3,0,4566,7896
5,31,3,3,579,7050
5,32,0,3,5781,5964
5,33,0,15,7158,6270
5,34,3,9,1194,5721
5,35,3,6,3405,4806
5,36,15,9,3849,3897
5,37,9,9,1032,3477
5,38,9,6,4539,3039
5,39,9,6,5391,2691
5,40,6,6,1059,2064
5,41,6,6,4107,2103
5,42,6,0,5172,1785
5,43,6,0,1338,1437
5,44,6,0,3606,1497
5,45,0,6,5052,1281
5,46,0,0,1326,1200
5,47,0,0,2826,882
5,48,6,6,4197,957
5,49,0,0,1746,999
5,50,0,0,1848,843
5,51,0,6,2649,924
5,52,6,0,1149,1044
5,53,0,0,1263,1059
5,54,0,6,3012,864
5,55,0,0,1221,867
5,56,6,0,999,1062
5,57,0,0,2277,843
5,58,0,3,1140,981
5,59,0,6,618,1236
5,60,6,0,1977,1167
5,61,0,0,1554,1149
5,62,0,6,627,942
5,63,0,0,1587,942
5,64,3,0,1713,918
5,65,6,3,444,861
5,66,0,3,1953,696
5,67,0,3,1203,606
5,68,0,0,291,573
5,69,0,3,1749,543
5,70,0,0,1617,621
5,71,0,3,111,462
5,72,0,0,1944,453
5,73,0,3,1605,417
5,74,0,6,120,258
5,75,0,3,1605,231
5,76,0,3,996,237
5,77,0,0,105,204
5,78,0,0,1410,237
5,79,0,0,1200,168
5,80,0,0,18,207
5,81,6,0,633,207
5,82,9,0,1155,168
5,83,9,0,12,213
5,84,9,0,450,177
5,85,3,0,645,207
5,86,0,0,9,192
5,87,0,0,447,129
5,88,0,0,480,150
5,89,0,0,3,156
5,90,0,0,309,111
5,91,0,0,618,123
5,92,0,0,0,111
5,93,0,0,423,48
5,94,0,0,456,45
5,95,0,0,0,75
5,96,0,0,231,24
5,97,0,0,129,54
5,98,0,0,0,60
5,99,0,0,192,30
5,100,0,0,306,72
5,101,0,0,0,45
5,102,0,0,108,33
5,103,0,0,183,51
5,104,0,0,0,24
5,105,0,0,96,24
5,106,0,0,117,36
5,107,0,0,0,9
5,108,0,0,60,6
5,109,0,0,126,3
5,110,0,0,0,21
5,111,0,0,36,0
5,112,0,0,45,0
5,113,0,0,0,0
5,114,0,0,24,3
5,115,0,0,33,3
5,116,0,0,0,9
5,117,0,0,0,0
5,118,0,0,39,0
5,119,0,0,0,0
5,120,0,0,0,0
5,121,0,0,3,0
5,122,0,0,0,0
5,123,0,0,0,0
5,124,0,0,12,0
6,-124,0,0,12,0
6,-123,0,0,0,0
6,-122,0,0,0,0
6,-121,0,0,3,0
6,-120,0,0,12,0
6,-119,0,0,0,0
6,-118,0,0,15,0
6,-117,0,0,12,0
6,-116,0,0,0,9
6,-115,0,0,21,3
6,-114,0,0,15,3
6,-113,0,0,0,0
6,-112,0,0,0,12
6,-111,0,0,12,0
6,-110,0,0,0,0
6,-109,0,0,153,12
6,-108,0,0,15,9
6,-107,0,0,0,9
6,-106,0,0,144,24
6,-105,0,0,156,12
6,-104,0,0,0,12
6,-103,0,0,165,21
6,-102,0,0,111,9
6,-101,0,0,0,27
6,-100,0,0,57,39
6,-99,0,0,78,48
6,-98,0,0,0,36
6,-97,0,0,75,45
6,-96,0,0,99,51
6,-95,0,0,0,45
6,-94,0,0,627,57
6,-93,0,0,264,60
6,-92,0,0,6,78
6,-91,0,0,372,69
6,-90,0,0,384,90
6,-89,0,0,9,105
6,-88,0,0,318,87
6,-87,0,0,195,90
6,-86,0,0,9,81
6,-85,0,0,636,132
6,-84,0,0,291,111
6,-83,0,0,51,120
6,-82,0,0,495,84
6,-81,0,0,735,81
6,-80,0,0,72,108
6,-79,0,0,1098,120
6,-78,0,0,1068,117
6,-77,0,0,93,138
6,-76,0,0,1011,189
6,-75,0,0,1002,141
6,-74,0,0,72,192
6,-73,0,0,1038,282
6,-72,0,0,1506,273
6,-71,0,0,159,387
6,-70,0,0,927,471
6,-69,0,0,1800,594
6,-68,0,0,300,480
6,-67,0,0,1227,333
6,-66,0,0,1620,330
6,-65,0,0,540,339
6,-64,0,0,888,348
6,-63,0,0,2133,405
6,-62,0,0,837,471
6,-61,0,0,972,558
6,-60,0,0,1743,585
6,-59,0,0,1092,627
6,-58,0,0,471,702
6,-57,0,0,1833,690
6,-56,0,0,1041,531
6,-55,0,0,1026,495
6,-54,0,0,2100,528
6,-53,0,0,1884,537
6,-52,0,0,525,576
6,-51,0,0,2256,639
6,-50,0,0,2244,612
6,-49,0,0,501,975
6,-48,0,0,4638,987
6,-47,0,0,3348,1332
6,-46,0,0,1203,1389
6,-45,0,0,4584,1272
6,-44,0,0,4773,1335
6,-43,0,0,1551,1512
6,-42,0,0,5340,2007
6,-41,0,0,5655,3024
6,-40,0,0,921,3603
6,-39,0,0,6321,4227
6,-38,0,0,5499,3732
6,-37,0,0,1170,4035
6,-36,0,0,5154,5142
6,-35,0,0,5265,5430
6,-34,0,0,585,6141
6,-33,0,0,8076,6966
6,-32,0,0,5022,8238
6,-31,0,0,429,8961
6,-30,0,0,6192,10017
6,-29,0,0,6027,9585
6,-28,0,0,345,7839
6,-27,0,0,5544,7776
6,-26,0,0,7260,7749
6,-25,0,0,930,6693
6,-24,0,0,6546,5793
6,-23,0,0,7041,5382
6,-22,0,0,792,4716
6,-21,0,0,3909,4149
6,-20,0,0,5745,4098
6,-19,0,0,1476,3936
6,-18,0,0,2508,4413
6,-17,0,0,7614,5001
6,-16,0,0,7785,5265
6,-15,0,0,3132,5862
6,-14,0,0,12072,6360
6,-13,0,0,15813,6735
6,-12,0,0,2142,6564
6,-11,0,0,26247,8145
6,-10,0,0,22557,9774
6,-9,0,0,1314,12087
6,-8,0,0,28596,13845
6,-7,0,0,24384,14046
6,-6,0,0,1296,16653
6,-5,0,0,24054,20934
6,-4,0,0,38031,26082
6,-3,0,0,1026,35340
6,-2,0,0,26004,47028
6,-1,0,0,124761,85767
6,0,24,24,252,78036
6,1,0,0,124761,85767
6,2,0,0,26004,47028
6,3,0,0,1026,35340
6,4,0,0,38031,26082
6,5,0,0,24054,20934
6,6,0,6,1296,16647
6,7,6,3,24378,14043
6,8,3,6,28593,13839
6,9,3,3,1311,12084
6,10,3,9,22554,9765
6,11,3,12,26244,8133
6,12,9,3,2133,6561
6,13,6,0,15807,6735
6,14,6,0,12066,6360
6,15,3,6,3129,5856
6,16,0,6,7785,5259
6,17,0,6,7614,4995
6,18,3,3,2505,4410
6,19,3,0,1473,3936
6,20,6,3,5739,4095
6,21,3,3,3906,4146
6,22,6,0,786,4716
6,23,6,3,7035,5379
6,24,0,3,6546,5790
6,25,0,0,930,6693
6,26,3,0,7257,7749
6,27,3,3,5541,7773
6,28,0,3,345,7836
6,29,0,0,6027,9585
6,30,3,3,6189,10014
6,31,3,3,426,8958
6,32,0,0,5022,8238
6,33,0,3,8076,6963
6,34,3,3,582,6138
6,35,3,15,5262,5415
6,36,3,9,5151,5133
6,37,3,9,1167,4026
6,38,15,6,5484,3726
6,39,9,6,6312,4221
6,40,9,6,912,3597
6,41,6,6,5649,3018
6,42,6,6,5334,2001
6,43,6,6,1545,1506
6,44,6,6,4767,1329
6,45,6,6,4578,1266
6,46,6,0,1197,1389
6,47,6,0,3342,1332
6,48,6,6,4632,981
6,49,0,0,501,975
6,50,0,0,2244,612
6,51,0,0,2256,639
6,52,6,6,519,570
6,53,0,0,1884,537
6,54,0,0,2100,528
6,55,0,6,1026,489
6,56,6,0,1035,531
6,57,0,0,1833,690
6,58,0,3,471,699
6,59,0,6,1092,621
6,60,6,0,1737,585
6,61,0,0,972,558
6,62,0,6,837,465
6,63,0,0,2133,405
6,64,3,0,885,348
6,65,6,6,534,333
6,66,0,0,1620,330
6,67,0,3,1227,330
6,68,0,0,300,480
6,69,0,3,1800,591
6,70,0,0,927,471
6,71,0,0,159,387
6,72,0,0,1506,273
6,73,0,3,1038,279
6,74,0,3,72,189
6,75,0,6,1002,135
6,76,0,3,1011,186
6,77,0,0,93,138
6,78,0,0,1068,117
6,79,0,0,1098,120
6,80,0,0,72,108
6,81,6,0,729,81
6,82,9,0,486,84
6,83,9,0,42,120
6,84,3,0,288,111
6,85,3,0,633,132
6,86,3,0,6,81
6,87,0,0,195,90
6,88,0,0,318,87
6,89,0,0,9,105
6,90,0,0,384,90
6,91,0,0,372,69
6,92,0,0,6,78
6,93,0,0,264,60
6,94,0,0,627,57
6,95,0,0,0,45
6,96,0,0,99,51
6,97,0,0,75,45
6,98,0,0,0,36
6,99,0,0,78,48
6,100,0,0,57,39
6,101,0,0,0,27
6,102,0,0,111,9
6,103,0,0,165,21
6,104,0,0,0,12
6,105,0,0,156,12
6,106,0,0,144,24
6,107,0,0,0,9
6,108,0,0,15,9
6,109,0,0,153,12
6,110,0,0,0,0
6,111,0,0,12,0
6,112,0,0,0,12
6,113,0,0,0,0
6,114,0,0,15,3
6,115,0,0,21,3
6,116,0,0,0,9
6,117,0,0,12,0
6,118,0,0,15,0
6,119,0,0,0,0
6,120,0,0,12,0
6,121,0,0,3,0
6,122,0,0,0,0
6,123,0,0,0,0
6,124,0,0,12,0
7,-124,0,0,0,0
7,-123,0,0,0,0
7,-122,0,0,0,0
7,-121,0,0,0,0
7,-120,0,0,0,0
7,-119,0,0,0,0
7,-118,0,0,15,0
7,-117,0,0,0,0
7,-116,0,0,0,0
7,-115,0,0,0,0
7,-114,0,0,0,0
7,-113,0,0,0,0
7,-112,0,0,0,0
7,-111,0,0,0,0
7,-110,0,0,0,0
7,-109,0,0,0,0
7,-108,0,0,12,0
7,-107,0,0,0,9
7,-106,0,0,192,6
7,-105,0,0,15,0
7,-104,0,0,0,0
7,-103,0,0,18,0
7,-102,0,0,15,6
7,-101,0,0,0,3
7,-100,0,0,33,3
7,-99,0,0,15,12
7,-98,0,0,3,9
7,-97,0,0,51,0
7,-96,0,0,201,3
7,-95,0,0,3,18
7,-94,0,0,399,6
7,-93,0,0,186,3
7,-92,0,0,3,15
7,-91,0,0,186,15
7,-90,0,0,165,15
7,-89,0,0,27,15
7,-88,0,0,180,6
7,-87,0,0,111,18
7,-86,0,0,51,18
7,-85,0,0,567,21
7,-84,0,0,330,18
7,-83,0,0,42,18
7,-82,0,0,600,39
7,-81,0,0,300,27
7,-80,0,0,27,42
7,-79,0,0,324,42
7,-78,0,0,507,45
7,-77,0,0,120,75
7,-76,0,0,363,54
7,-75,0,0,474,69
7,-74,0,0,168,87
7,-73,0,0,357,75
7,-72,0,0,873,99
7,-71,0,0,147,138
7,-70,0,0,1137,177
7,-69,0,0,870,96
7,-68,0,0,162,153
7,-67,0,0,642,132
7,-66,0,0,2424,144
7,-65,0,0,663,192
7,-64,0,0,762,132
7,-63,0,0,2019,237
7,-62,0,0,873,156
7,-61,0,0,387,258
7,-60,0,0,1824,255
7,-59,0,0,768,228
7,-58,0,0,645,255
7,-57,0,0,2028,294
7,-56,0,0,1335,345
7,-55,0,0,360,348
7,-54,0,0,3258,390
7,-53,0,0,2433,528
7,-52,0,0,282,489
7,-51,0,0,3492,516
7,-50,0,0,3171,552
7,-49,0,0,210,954
7,-48,0,0,4971,1494
7,-47,0,0,6150,1581
7,-46,0,0,438,1779
7,-45,0,0,3426,2181
7,-44,0,0,4704,1998
7,-43,0,0,531,2493
7,-42,0,0,6567,2862
7,-41,0,0,6684,3066
7,-40,0,0,294,3795
7,-39,0,0,5298,4038
7,-38,0,0,6882,4476
7,-37,0,0,675,5577
7,-36,0,0,7071,6738
7,-35,0,0,10011,7914
7,-34,0,0,372,8685
7,-33,0,0,6999,8577
7,-32,0,0,5157,9072
7,-31,0,0,597,8778
7,-30,0,0,6516,8166
7,-29,0,0,6189,6801
7,-28,0,0,780,5997
7,-27,0,0,5589,5385
7,-26,0,0,7482,4806
7,-25,0,0,1140,4143
7,-24,0,0,4530,4806
7,-23,0,0,4965,5622
7,-22,0,0,762,6141
7,-21,0,0,4458,6864
7,-20,0,0,6060,7914
7,-19,0,0,5898,7716
7,-18,0,0,3309,6927
7,-17,0,0,8652,6762
7,-16,0,0,13629,7554
7,-15,0,0,2472,7518
7,-14,0,0,18693,8064
7,-13,0,0,16002,8355
7,-12,0,0,3750,10752
7,-11,0,0,23445,11301
7,-10,0,0,21216,10848
7,-9,0,0,3912,11427
7,-8,0,0,22434,13245
7,-7,0,0,20850,15354
7,-6,0,0,2970,18402
7,-5,0,0,24528,21540
7,-4,0,0,35130,24963
7,-3,0,0,1662,31182
7,-2,0,0,26526,42939
7,-1,0,0,113730,77874
7,0,24,24,996,58194
7,1,0,0,113730,77874
7,2,0,0,26526,42939
7,3,0,0,1662,31182
7,4,0,6,35130,24957
7,5,6,3,24522,21537
7,6,3,6,2967,18396
7,7,3,15,20847,15339
7,8,3,3,22431,13242
7,9,9,0,3903,11427
7,10,6,0,21210,10848
7,11,3,9,23442,11292
7,12,0,6,3750,10746
7,13,0,3,16002,8352
7,14,3,0,18690,8064
7,15,9,3,2463,7515
7,16,3,3,13626,7551
7,17,3,0,8649,6762
7,18,3,0,3306,6927
7,19,3,3,5895,7713
7,20,0,3,6060,7911
7,21,0,0,4458,6864
7,22,3,0,759,6141
7,23,3,3,4962,5619
7,24,0,3,4530,4803
7,25,0,0,1140,4143
7,26,3,3,7479,4803
7,27,3,3,5586,5382
7,28,0,0,780,5997
7,29,0,0,6189,6801
7,30,3,3,6513,8163
7,31,3,3,594,8775
7,32,0,3,5157,9069
7,33,0,0,6999,8577
7,34,3,3,369,8682
7,35,3,3,10008,7911
7,36,3,15,7068,6723
7,37,3,9,672,5568
7,38,3,9,6879,4467
7,39,3,6,5295,4032
7,40,15,6,279,3789
7,41,9,6,6675,3060
7,42,6,6,6561,2856
7,43,6,6,525,2487
7,44,6,6,4698,1992
7,45,6,6,3420,2175
7,46,6,6,432,1773
7,47,6,6,6144,1575
7,48,6,6,4965,1488
7,49,6,0,204,954
7,50,6,0,3165,552
7,51,6,0,3486,516
7,52,6,6,276,483
7,53,0,0,2433,528
7,54,0,0,3258,390
7,55,0,6,360,342
7,56,6,0,1329,345
7,57,0,0,2028,294
7,58,0,0,645,255
7,59,0,3,768,225
7,60,6,6,1818,249
7,61,0,0,387,258
7,62,0,6,873,150
7,63,0,0,2019,237
7,64,3,6,759,126
7,65,6,0,657,192
7,66,0,0,2424,144
7,67,0,0,642,132
7,68,0,0,162,153
7,69,0,0,870,96
7,70,0,0,1137,177
7,71,0,0,147,138
7,72,0,3,873,96
7,73,0,3,357,72
7,74,0,3,168,84
7,75,0,3,474,66
7,76,0,3,363,51
7,77,0,3,120,72
7,78,0,0,507,45
7,79,0,0,324,42
7,80,0,0,27,42
7,81,6,0,294,27
7,82,9,0,591,39
7,83,3,0,39,18
7,84,3,0,327,18
7,85,3,0,564,21
7,86,3,0,48,18
7,87,3,0,108,18
7,88,0,0,180,6
7,89,0,0,27,15
7,90,0,0,165,15
7,91,0,0,186,15
7,92,0,0,3,15
7,93,0,0,186,3
7,94,0,0,399,6
7,95,0,0,3,18
7,96,0,0,201,3
7,97,0,0,51,0
7,98,0,0,3,9
7,99,0,0,15,12
7,100,0,0,33,3
7,101,0,0,0,3
7,102,0,0,15,6
7,103,0,0,18,0
7,104,0,0,0,0
7,105,0,0,15,0
7,106,0,0,192,6
7,107,0,0,0,9
7,108,0,0,12,0
7,109,0,0,0,0
7,110,0,0,0,0
7,111,0,0,0,0
7,112,0,0,0,0
7,113,0,0,0,0
7,114,0,0,0,0
7,115,0,0,0,0
7,116,0,0,0,0
7,117,0,0,0,0
7,118,0,0,15,0
7,119,0,0,0,0
7,120,0,0,0,0
7,121,0,0,0,0
7,122,0,0,0,0
7,123,0,0,0,0
7,124,0,0,0,0
8,-124,0,0,0,0
8,-123,0,0,0,0
8,-122,0,0,0,0
8,-121,0,0,0,0
8,-120,0,0,0,0
8,-119,0,0,0,0
8,-118,0,0,0,0
8,-117,0,0,0,0
8,-116,0,0,0,0
8,-115,0,0,0,0
8,-114,0,0,0,0
8,-113,0,0,0,0
8,-112,0,0,0,0
8,-111,0,0,0,0
8,-110,0,0,0,0
8,-109,0,0,0,0
8,-108,0,0,0,0
8,-107,0,0,0,0
8,-106,0,0,0,0
8,-105,0,0,0,0
8,-104,0,0,0,0
8,-103,0,0,6,0
8,-102,0,0,0,0
8,-101,0,0,0,0
8,-100,0,0,27,0
8,-99,0,0,0,0
8,-98,0,0,0,0
8,-97,0,0,36,0
8,-96,0,0,0,0
8,-95,0,0,0,0
8,-94,0,0,66,0
8,-93,0,0,30,0
8,-92,0,0,0,0
8,-91,0,0,81,0
8,-90,0,0,21,0
8,-89,0,0,3,0
8,-88,0,0,183,0
8,-87,0,0,42,0
8,-86,0,0,3,0
8,-85,0,0,129,0
8,-84,0,0,165,3
8,-83,0,0,9,0
8,-82,0,0,75,0
8,-81,0,0,123,6
8,-80,0,0,18,12
8,-79,0,0,105,15
8,-78,0,0,288,12
8,-77,0,0,126,12
8,-76,0,0,315,33
8,-75,0,0,567,51
8,-74,0,0,51,48
8,-73,0,0,207,81
8,-72,0,0,825,72
8,-71,0,0,441,57
8,-70,0,0,66,144
8,-69,0,0,774,93
8,-68,0,0,228,57
8,-67,0,0,93,69
8,-66,0,0,1440,102
8,-65,0,0,327,123
8,-64,0,0,252,165
8,-63,0,0,1566,156
8,-62,0,0,726,279
8,-61,0,0,93,315
8,-60,0,0,1671,219
8,-59,0,0,621,267
8,-58,0,0,90,285
8,-57,0,0,1530,396
8,-56,0,0,672,351
8,-55,0,0,165,366
8,-54,0,0,4509,495
8,-53,0,0,2880,579
8,-52,0,0,282,990
8,-51,0,0,3858,2064
8,-50,0,0,4533,1731
8,-49,0,0,180,1515
8,-48,0,0,5835,1470
8,-47,0,0,4026,1542
8,-46,0,0,9,1719
8,-45,0,0,3720,1815
8,-44,0,0,2388,1959
8,-43,0,0,36,2784
8,-42,0,0,6960,3729
8,-41,0,0,8370,4416
8,-40,0,0,84,4674
8,-39,0,0,4401,4800
8,-38,0,0,6417,4809
8,-37,0,0,174,4221
8,-36,0,0,13020,4587
8,-35,0,0,5286,4380
8,-34,0,0,1239,4167
8,-33,0,0,10143,4524
8,-32,0,0,12993,4659
8,-31,0,0,1650,5064
8,-30,0,0,5370,5043
8,-29,0,0,14352,5685
8,-28,0,0,2424,6567
8,-27,0,0,3855,7212
8,-26,0,0,9654,7833
8,-25,0,0,2628,8946
8,-24,0,0,3183,8631
8,-23,0,0,8850,8127
8,-22,0,0,5685,7509
8,-21,0,0,2448,7239
8,-20,0,0,5637,7737
8,-19,0,0,4809,6816
8,-18,0,0,1410,7956
8,-17,0,0,18972,8799
8,-16,0,0,9786,8331
8,-15,0,0,2970,9108
8,-14,0,0,21750,11346
8,-13,0,0,14376,11754
8,-12,0,0,3549,11775
8,-11,0,0,20988,11703
8,-10,0,0,15180,12528
8,-9,0,0,4617,14130
8,-8,0,0,16665,15291
8,-7,0,0,21591,15021
8,-6,0,0,4977,17733
8,-5,0,0,17769,21582
8,-4,0,0,31509,22134
8,-3,0,0,1623,27303
8,-2,0,0,22746,46113
8,-1,0,0,114768,73338
8,0,24,24,78,43314
8,1,0,0,114768,73338
8,2,0,0,22746,46113
8,3,6,9,1617,27294
8,4,3,12,31506,22122
8,5,3,3,17766,21579
8,6,9,0,4968,17733
8,7,3,9,21588,15012
8,8,0,6,16665,15285
8,9,0,0,4617,14130
8,10,9,0,15171,12528
8,11,6,3,20982,11700
8,12,0,3,3549,11772
8,13,0,0,14376,11754
8,14,3,0,21747,11346
8,15,3,3,2967,9105
8,16,0,3,9786,8328
8,17,0,0,18972,8799
8,18,3,0,1407,7956
8,19,3,6,4806,6810
8,20,0,0,5637,7737
8,21,0,0,2448,7239
8,22,3,3,5682,7506
8,23,3,3,8847,8124
8,24,0,0,3183,8631
8,25,0,0,2628,8946
8,26,3,3,9651,7830
8,27,3,3,3852,7209
8,28,0,0,2424,6567
8,29,0,3,14352,5682
8,30,3,3,5367,5040
8,31,3,0,1647,5064
8,32,0,3,12993,4656
8,33,0,3,10143,4521
8,34,3,3,1236,4164
8,35,3,3,5283,4377
8,36,3,0,13017,4587
8,37,3,3,171,4218
8,38,3,15,6414,4794
8,39,3,9,4398,4791
8,40,3,6,81,4668
8,41,3,6,8367,4410
8,42,15,6,6945,3723
8,43,6,6,30,2778
8,44,6,6,2382,1953
8,45,6,6,3714,1809
8,46,6,6,3,1713
8,47,6,6,4020,1536
8,48,6,6,5829,1464
8,49,6,6,174,1509
8,50,6,6,4527,1725
8,51,6,6,3852,2058
8,52,6,6,276,984
8,53,6,0,2874,579
8,54,6,0,4503,495
8,55,6,0,159,366
8,56,6,6,666,345
8,57,0,0,1530,396
8,58,0,0,90,285
8,59,0,3,621,264
8,60,6,3,1665,216
8,61,0,3,93,312
8,62,0,6,726,273
8,63,0,0,1566,156
8,64,3,0,249,165
8,65,6,0,321,123
8,66,0,0,1440,102
8,67,0,0,93,69
8,68,0,0,228,57
8,69,0,0,774,93
8,70,0,0,66,144
8,71,0,0,441,57
8,72,0,3,825,69
8,73,0,3,207,78
8,74,0,3,51,45
8,75,0,3,567,48
8,76,0,3,315,30
8,77,0,3,126,9
8,78,0,3,288,9
8,79,0,0,105,15
8,80,0,0,18,12
8,81,6,0,117,6
8,82,3,0,72,0
8,83,3,0,6,0
8,84,3,0,162,3
8,85,3,0,126,0
8,86,3,0,0,0
8,87,3,0,39,0
8,88,3,0,180,0
8,89,0,0,3,0
8,90,0,0,21,0
8,91,0,0,81,0
8,92,0,0,0,0
8,93,0,0,30,0
8,94,0,0,66,0
8,95,0,0,0,0
8,96,0,0,0,0
8,97,0,0,36,0
8,98,0,0,0,0
8,99,0,0,0,0
8,100,0,0,27,0
8,101,0,0,0,0
8,102,0,0,0,0
8,103,0,0,6,0
8,104,0,0,0,0
8,105,0,0,0,0
8,106,0,0,0,0
8,107,0,0,0,0
8,108,0,0,0,0
8,109,0,0,0,0
8,110,0,0,0,0
8,111,0,0,0,0
8,112,0,0,0,0
8,113,0,0,0,0
8,114,0,0,0,0
8,115,0,0,0,0
8,116,0,0,0,0
8,117,0,0,0,0
8,118,0,0,0,0
8,119,0,0,0,0
8,120,0,0,0,0
8,121,0,0,0,0
8,122,0,0,0,0
8,123,0,0,0,0
8,124,0,0,0,0
9,-124,0,0,0,0
9,-123,0,0,0,0
9,-122,0,0,0,0
9,-121,0,0,0,0
9,-120,0,0,0,0
9,-119,0,0,0,0
9,-118,0,0,0,0
9,-117,0,0,0,0
9,-116,0,0,0,0
9,-115,0,0,0,0
9,-114,0,0,0,0
9,-113,0,0,0,0
9,-112,0,0,0,0
9,-111,0,0,0,0
9,-110,0,0,0,0
9,-109,0,0,0,0
9,-108,0,0,0,0
9,-107,0,0,0,0
9,-106,0,0,0,0
9,-105,0,0,0,0
9,-104,0,0,0,0
9,-103,0,0,6,0
9,-102,0,0,0,0
9,-101,0,0,0,0
9,-100,0,0,30,0
9,-99,0,0,0,0
9,-98,0,0,0,0
9,-97,0,0,45,0
9,-96,0,0,0,0
9,-95,0,0,0,0
9,-94,0,0,66,0
9,-93,0,0,0,0
9,-92,0,0,0,0
9,-91,0,0,84,0
9,-90,0,0,0,0
9,-89,0,0,6,0
9,-88,0,0,618,0
9,-87,0,0,12,0
9,-86,0,0,6,0
9,-85,0,0,114,0
9,-84,0,0,102,0
9,-83,0,0,6,0
9,-82,0,0,81,3
9,-81,0,0,33,0
9,-80,0,0,87,0
9,-79,0,0,84,9
9,-78,0,0,324,12
9,-77,0,0,66,69
9,-76,0,0,90,63
9,-75,0,0,180,69
9,-74,0,0,294,87
9,-73,0,0,108,96
9,-72,0,0,435,132
9,-71,0,0,219,81
9,-70,0,0,201,156
9,-69,0,0,507,132
9,-68,0,0,240,93
9,-67,0,0,777,99
9,-66,0,0,738,93
9,-65,0,0,264,102
9,-64,0,0,18,96
9,-63,0,0,1545,120
9,-62,0,0,327,144
9,-61,0,0,69,165
9,-60,0,0,4752,222
9,-59,0,0,399,216
9,-58,0,0,6,285
9,-57,0,0,2187,324
9,-56,0,0,4386,360
9,-55,0,0,42,558
9,-54,0,0,2352,1152
9,-53,0,0,1800,1524
9,-52,0,0,135,1257
9,-51,0,0,3318,1395
9,-50,0,0,8604,1008
9,-49,0,0,120,840
9,-48,0,0,2592,1227
9,-47,0,0,2748,2004
9,-46,0,0,159,1668
9,-45,0,0,2436,1710
9,-44,0,0,6756,2526
9,-43,0,0,222,3060
9,-42,0,0,3555,3171
9,-41,0,0,2838,2961
9,-40,0,0,414,2832
9,-39,0,0,9465,3825
9,-38,0,0,7875,4635
9,-37,0,0,2583,3771
9,-36,0,0,5811,3822
9,-35,0,0,10503,3921
9,-34,0,0,1275,3546
9,-33,0,0,9024,3918
9,-32,0,0,11418,5223
9,-31,0,0,3225,5541
9,-30,0,0,2796,6363
9,-29,0,0,4851,7143
9,-28,0,0,4848,8130
9,-27,0,0,3798,9594
9,-26,0,0,9177,10686
9,-25,0,0,7023,10179
9,-24,0,0,2703,9477
9,-23,0,0,8481,10989
9,-22,0,0,3261,10020
9,-21,0,0,7968,8670
9,-20,0,0,17721,8664
9,-19,0,0,11508,8595
9,-18,0,0,8055,8799
9,-17,0,0,21471,9054
9,-16,0,0,14808,9807
9,-15,0,0,1917,9342
9,-14,0,0,13260,9645
9,-13,0,0,18921,9903
9,-12,0,0,1038,10017
9,-11,0,0,13758,10602
9,-10,0,0,22428,10983
9,-9,0,0,1053,11805
9,-8,0,0,13836,12492
9,-7,0,0,19404,16278
9,-6,0,0,1305,20940
9,-5,0,0,19890,21858
9,-4,0,0,25083,23517
9,-3,0,0,1311,24456
9,-2,0,0,25242,47637
9,-1,0,0,105729,70722
9,0,24,24,6,29478
9,1,6,6,105723,70716
9,2,3,3,25239,47634
9,3,6,6,1305,24450
9,4,0,9,25083,23508
9,5,6,3,19884,21855
9,6,3,0,1302,20940
9,7,3,3,19401,16275
9,8,0,3,13836,12489
9,9,0,0,1053,11805
9,10,3,0,22425,10983
9,11,3,6,13755,10596
9,12,0,0,1038,10017
9,13,0,0,18921,9903
9,14,3,3,13257,9642
9,15,3,3,1914,9339
9,16,0,0,14808,9807
9,17,0,0,21471,9054
9,18,3,3,8052,8796
9,19,3,3,11505,8592
9,20,0,0,17721,8664
9,21,0,0,7968,8670
9,22,3,3,3258,10017
9,23,3,3,8478,10986
9,24,0,0,2703,9477
9,25,0,0,7023,10179
9,26,3,6,9174,10680
9,27,3,0,3795,9594
9,28,0,0,4848,8130
9,29,0,3,4851,7140
9,30,3,3,2793,6360
9,31,3,0,3222,5541
9,32,0,3,11418,5220
9,33,0,3,9024,3915
9,34,3,3,1272,3543
9,35,3,3,10500,3918
9,36,3,3,5808,3819
9,37,3,3,2580,3768
9,38,3,3,7872,4632
9,39,3,3,9462,3822
9,40,3,12,411,2820
9,41,3,6,2835,2955
9,42,3,6,3552,3165
9,43,3,6,219,3054
9,44,12,6,6744,2520
9,45,6,6,2430,1704
9,46,6,6,153,1662
9,47,6,6,2742,1998
9,48,6,6,2586,1221
9,49,6,6,114,834
9,50,6,6,8598,1002
9,51,6,6,3312,1389
9,52,6,6,129,1251
9,53,6,6,1794,1518
9,54,6,6,2346,1146
9,55,6,6,36,552
9,56,6,9,4380,351
9,57,6,0,2181,324
9,58,6,0,0,285
9,59,6,0,393,216
9,60,6,3,4746,219
9,61,0,3,69,162
9,62,0,0,327,144
9,63,0,0,1545,120
9,64,3,0,15,96
9,65,6,0,258,102
9,66,0,0,738,93
9,67,0,0,777,99
9,68,0,0,240,93
9,69,0,0,507,132
9,70,0,0,201,156
9,71,0,0,219,81
9,72,0,3,435,129
9,73,0,3,108,93
9,74,0,3,294,84
9,75,0,3,180,66
9,76,0,3,90,60
9,77,0,3,66,66
9,78,0,3,324,9
9,79,0,3,84,6
9,80,0,0,87,0
9,81,0,0,33,0
9,82,3,0,78,3
9,83,3,0,3,0
9,84,3,0,99,0
9,85,3,0,111,0
9,86,3,0,3,0
9,87,3,0,9,0
9,88,3,0,615,0
9,89,3,0,3,0
9,90,0,0,0,0
9,91,0,0,84,0
9,92,0,0,0,0
9,93,0,0,0,0
9,94,0,0,66,0
9,95,0,0,0,0
9,96,0,0,0,0
9,97,0,0,45,0
9,98,0,0,0,0
9,99,0,0,0,0
9,100,0,0,30,0
9,101,0,0,0,0
9,102,0,0,0,0
9,103,0,0,6,0
9,104,0,0,0,0
9,105,0,0,0,0
9,106,0,0,0,0
9,107,0,0,0,0
9,108,0,0,0,0
9,109,0,0,0,0
9,110,0,0,0,0
9,111,0,0,0,0
9,112,0,0,0,0
9,113,0,0,0,0
9,114,0,0,0,0
9,115,0,0,0,0
9,116,0,0,0,0
9,117,0,0,0,0
9,118,0,0,0,0
9,119,0,0,0,0
9,120,0,0,0,0
9,121,0,0,0,0
9,122,0,0,0,0
9,123,0,0,0,0
9,124,0,0,0,0
10,-124,0,0,0,0
10,-123,0,0,0,0
10,-122,0,0,0,0
10,-121,0,0,0,0
10,-120,0,0,0,0
10,-119,0,0,0,0
10,-118,0,0,0,0
10,-117,0,0,0,0
10,-116,0,0,0,0
10,-115,0,0,0,0
10,-114,0,0,0,0
10,-113,0,0,0,0
10,-112,0,0,0,0
10,-111,0,0,0,0
10,-110,0,0,0,0
10,-109,0,0,0,0
10,-108,0,0,0,0
10,-107,0,0,0,0
10,-106,0,0,0,0
10,-105,0,0,0,0
10,-104,0,0,0,0
10,-103,0,0,6,0
10,-102,0,0,0,0
10,-101,0,0,0,0
10,-100,0,0,30,0
10,-99,0,0,0,0
10,-98,0,0,0,0
10,-97,0,0,51,0
10,-96,0,0,0,0
10,-95,0,0,0,0
10,-94,0,0,72,0
10,-93,0,0,0,0
10,-92,0,0,0,0
10,-91,0,0,90,0
10,-90,0,0,3,0
10,-89,0,0,3,0
10,-88,0,0,636,0
10,-87,0,0,3,0
10,-86,0,0,3,0
10,-85,0,0,273,0
10,-84,0,0,3,0
10,-83,0,0,3,0
10,-82,0,0,345,0
10,-81,0,0,3,3
10,-80,0,0,15,3
10,-79,0,0,168,6
10,-78,0,0,9,12
10,-77,0,0,12,69
10,-76,0,0,90,60
10,-75,0,0,21,57
10,-74,0,0,51,108
10,-73,0,0,168,90
10,-72,0,0,36,129
10,-71,0,0,51,105
10,-70,0,0,261,243
10,-69,0,0,72,174
10,-68,0,0,123,159
10,-67,0,0,591,120
10,-66,0,0,129,84
10,-65,0,0,126,45
10,-64,0,0,633,24
10,-63,0,0,222,78
10,-62,0,0,570,54
10,-61,0,0,402,63
10,-60,0,0,447,60
10,-59,0,0,846,138
10,-58,0,0,240,195
10,-57,0,0,825,273
10,-56,0,0,1368,141
10,-55,0,0,246,159
10,-54,0,0,2238,207
10,-53,0,0,3210,198
10,-52,0,0,285,363
10,-51,0,0,1083,627
10,-50,0,0,1848,1029
10,-49,0,0,495,741
10,-48,0,0,1974,699
10,-47,0,0,1845,1002
10,-46,0,0,807,1251
10,-45,0,0,6540,2340
10,-44,0,0,2955,2430
10,-43,0,0,3690,2652
10,-42,0,0,2508,2646
10,-41,0,0,3888,2343
10,-40,0,0,2823,2943
10,-39,0,0,5232,3549
10,-38,0,0,8358,4830
10,-37,0,0,3219,5196
10,-36,0,0,8808,6402
10,-35,0,0,9060,6330
10,-34,0,0,3642,4575
10,-33,0,0,7449,4371
10,-32,0,0,6846,5583
10,-31,0,0,5832,7356
10,-30,0,0,3528,9453
10,-29,0,0,4149,9942
10,-28,0,0,4398,11196
10,-27,0,0,1410,12903
10,-26,0,0,5421,11175
10,-25,0,0,36426,8805
10,-24,0,0,2889,7140
10,-23,0,0,9111,6306
10,-22,0,0,6714,6531
10,-21,0,0,12447,6876
10,-20,0,0,12501,7482
10,-19,0,0,9189,8235
10,-18,0,0,1386,9813
10,-17,0,0,14385,9543
10,-16,0,0,6708,8799
10,-15,0,0,1413,8688
10,-14,0,0,18723,9609
10,-13,0,0,9759,10143
10,-12,0,0,1461,10269
10,-11,0,0,15675,10197
10,-10,0,0,11133,10263
10,-9,0,0,1551,10875
10,-8,0,0,11445,10443
10,-7,0,0,13128,12597
10,-6,0,0,5256,13548
10,-5,0,0,11004,13515
10,-4,0,0,12366,18456
10,-3,0,0,1119,29883
10,-2,0,0,47139,58383
10,-1,0,0,135711,82821
10,0,30,30,0,30444
10,1,9,9,135702,82812
10,2,6,6,47133,58377
10,3,6,9,1113,29874
10,4,3,9,12363,18447
10,5,3,9,11001,13506
10,6,6,3,5250,13545
10,7,6,3,13122,12594
10,8,3,3,11442,10440
10,9,3,0,1548,10875
10,10,3,3,11130,10260
10,11,3,3,15672,10194
10,12,0,0,1461,10269
10,13,0,0,9759,10143
10,14,3,3,18720,9606
10,15,3,3,1410,8685
10,16,0,0,6708,8799
10,17,0,0,14385,9543
10,18,3,3,1383,9810
10,19,3,3,9186,8232
10,20,0,0,12501,7482
10,21,0,0,12447,6876
10,22,3,6,6711,6525
10,23,3,0,9108,6306
10,24,0,0,2889,7140
10,25,0,3,36426,8802
10,26,3,3,5418,11172
10,27,3,0,1407,12903
10,28,0,0,4398,11196
10,29,0,3,4149,9939
10,30,3,3,3525,9450
10,31,3,3,5829,7353
10,32,0,3,6846,5580
10,33,0,0,7449,4371
10,34,3,3,3639,4572
10,35,3,3,9057,6327
10,36,3,3,8805,6399
10,37,3,3,3216,5193
10,38,3,3,8355,4827
10,39,3,3,5229,3546
10,40,3,3,2820,2940
10,41,3,0,3885,2343
10,42,3,6,2505,2640
10,43,3,3,3687,2649
10,44,3,3,2952,2427
10,45,0,3,6540,2337
10,46,6,3,801,1248
10,47,3,3,1842,999
10,48,3,3,1971,696
10,49,3,3,492,738
10,50,3,3,1845,1026
10,51,3,3,1080,624
10,52,3,3,282,360
10,53,3,6,3207,192
10,54,3,6,2235,201
10,55,3,6,243,153
10,56,3,6,1365,135
10,57,6,6,819,267
10,58,6,6,234,189
10,59,6,6,840,132
10,60,6,6,441,54
10,61,6,3,396,60
10,62,6,0,564,54
10,63,6,0,216,78
10,64,6,0,627,24
10,65,3,0,123,45
10,66,0,0,129,84
10,67,0,0,591,120
10,68,0,0,123,159
10,69,0,0,72,174
10,70,0,0,261,243
10,71,0,0,51,105
10,72,0,3,36,126
10,73,0,3,168,87
10,74,0,3,51,105
10,75,0,3,21,54
10,76,0,3,90,57
10,77,0,3,12,66
10,78,0,3,9,9
10,79,0,3,168,3
10,80,0,3,15,0
10,81,0,0,3,3
10,82,3,0,342,0
10,83,3,0,0,0
10,84,3,0,0,0
10,85,3,0,270,0
10,86,3,0,0,0
10,87,3,0,0,0
10,88,3,0,633,0
10,89,3,0,0,0
10,90,3,0,0,0
10,91,0,0,90,0
10,92,0,0,0,0
10,93,0,0,0,0
10,94,0,0,72,0
10,95,0,0,0,0
10,96,0,0,0,0
10,97,0,0,51,0
10,98,0,0,0,0
10,99,0,0,0,0
10,100,0,0,30,0
10,101,0,0,0,0
10,102,0,0,0,0
10,103,0,0,6,0
10,104,0,0,0,0
10,105,0,0,0,0
10,106,0,0,0,0
10,107,0,0,0,0
10,108,0,0,0,0
10,109,0,0,0,0
10,110,0,0,0,0
10,111,0,0,0,0
10,112,0,0,0,0
10,113,0,0,0,0
10,114,0,0,0,0
10,115,0,0,0,0
10,116,0,0,0,0
10,117,0,0,0,0
10,118,0,0,0,0
10,119,0,0,0,0
10,120,0,0,0,0
10,121,0,0,0,0
10,122,0,0,0,0
10,123,0,0,0,0
10,124,0,0,0,0
11,-124,0,0,0,0
11,-123,0,0,0,0
11,-122,0,0,0,0
11,-121,0,0,0,0
11,-120,0,0,0,0
11,-119,0,0,0,0
11,-118,0,0,0,0
11,-117,0,0,0,0
11,-116,0,0,0,0
11,-115,0,0,0,0
11,-114,0,0,0,0
11,-113,0,0,0,0
11,-112,0,0,0,0
11,-111,0,0,0,0
11,-110,0,0,0,0
11,-109,0,0,0,0
11,-108,0,0,0,0
11,-107,0,0,0,0
11,-106,0,0,0,0
11,-105,0,0,0,0
11,-104,0,0,0,0
11,-103,0,0,0,0
11,-102,0,0,0,0
11,-101,0,0,0,0
11,-100,0,0,0,0
11,-99,0,0,0,0
11,-98,0,0,0,0
11,-97,0,0,0,0
11,-96,0,0,0,0
11,-95,0,0,0,0
11,-94,0,0,0,0
11,-93,0,0,0,0
11,-92,0,0,0,0
11,-91,0,0,0,0
11,-90,0,0,0,0
11,-89,0,0,0,0
11,-88,0,0,0,0
11,-87,0,0,0,0
11,-86,0,0,0,0
11,-85,0,0,0,0
11,-84,0,0,0,0
11,-83,0,0,0,0
11,-82,0,0,0,0
11,-81,0,0,0,0
11,-80,0,0,0,0
11,-79,0,0,0,0
11,-78,0,0,0,0
11,-77,0,0,0,0
11,-76,0,0,6,0
11,-75,0,0,0,0
11,-74,0,0,0,0
11,-73,0,0,0,0
11,-72,0,0,0,0
11,-71,0,0,0,0
11,-70,0,0,18,0
11,-69,0,0,0,0
11,-68,0,0,0,0
11,-67,0,0,42,0
11,-66,0,0,0,0
11,-65,0,0,0,0
11,-64,0,0,303,0
11,-63,0,0,0,0
11,-62,0,0,0,0
11,-61,0,0,291,0
11,-60,0,0,0,0
11,-59,0,0,0,0
11,-58,0,0,708,0
11,-57,0,0,0,0
11,-56,0,0,15,0
11,-55,0,0,753,9
11,-54,0,0,0,15
11,-53,0,0,0,33
11,-52,0,0,1437,78
11,-51,0,0,0,264
11,-50,0,0,0,315
11,-49,0,0,2361,273
11,-48,0,0,0,360
11,-47,0,0,0,660
11,-46,0,0,33054,930
11,-45,0,0,21,708
11,-44,0,0,6,669
11,-43,0,0,6741,810
11,-42,0,0,48,1119
11,-41,0,0,48,1746
11,-40,0,0,17433,6531
11,-39,0,0,138,8286
11,-38,0,0,183,6192
11,-37,0,0,19035,5541
11,-36,0,0,264,8208
11,-35,0,0,138,5742
11,-34,0,0,15318,5910
11,-33,0,0,612,5814
11,-32,0,0,165,6756
11,-31,0,0,9645,13068
11,-30,0,0,1356,15201
11,-29,0,0,225,10494
11,-28,0,0,22695,10239
11,-27,0,0,6138,10902
11,-26,0,0,114,8445
11,-25,0,0,11472,7590
11,-24,0,0,4773,7986
11,-23,0,0,63,7602
11,-22,0,0,12849,6366
11,-21,0,0,5379,5772
11,-20,0,0,324,7257
11,-19,0,0,11025,6906
11,-18,0,0,11481,7329
11,-17,0,0,408,7704
11,-16,0,0,14355,9588
11,-15,0,0,14814,9819
11,-14,0,0,180,8610
11,-13,0,0,11583,8049
11,-12,0,0,22515,8430
11,-11,0,0,225,7860
11,-10,0,0,7479,7329
11,-9,0,0,24933,7188
11,-8,0,0,558,8085
11,-7,0,0,5493,8901
11,-6,0,0,10146,9885
11,-5,0,0,1014,13446
11,-4,0,0,15525,19989
11,-3,0,0,15915,23796
11,-2,0,0,672,48321
11,-1,0,0,100650,61077
11,0,138,138,176460,142338
11,1,6,6,100644,61071
11,2,0,0,672,48321
11,3,0,6,15915,23790
11,4,6,0,15519,19989
11,5,0,0,1014,13446
11,6,0,6,10146,9879
11,7,0,0,5493,8901
11,8,6,6,552,8079
11,9,0,0,24933,7188
11,10,0,0,7479,7329
11,11,0,0,225,7860
11,12,6,6,22509,8424
11,13,0,0,11583,8049
11,14,0,0,180,8610
11,15,0,6,14814,9813
11,16,6,0,14349,9588
11,17,0,0,408,7704
11,18,0,0,11481,7329
11,19,0,6,11025,6900
11,20,6,0,318,7257
11,21,0,0,5379,5772
11,22,0,0,12849,6366
11,23,0,6,63,7596
11,24,6,0,4767,7986
11,25,0,0,11472,7590
11,26,0,0,114,8445
11,27,0,6,6138,10896
11,28,6,0,22689,10239
11,29,0,0,225,10494
11,30,0,0,1356,15201
11,31,0,6,9645,13062
11,32,6,6,159,6750
11,33,0,6,612,5808
11,34,0,6,15318,5904
11,35,0,0,138,5742
11,36,6,6,258,8202
11,37,6,6,19029,5535
11,38,6,6,177,6186
11,39,6,6,132,8280
11,40,6,6,17427,6525
11,41,6,6,42,1740
11,42,6,6,42,1113
11,43,6,0,6735,810
11,44,6,0,0,669
11,45,6,0,15,708
11,46,6,0,33048,930
11,47,0,0,0,660
11,48,0,0,0,360
11,49,0,0,2361,273
11,50,0,0,0,315
11,51,0,0,0,264
11,52,0,0,1437,78
11,53,0,0,0,33
11,54,0,0,0,15
11,55,0,0,753,9
11,56,0,0,15,0
11,57,0,0,0,0
11,58,0,0,708,0
11,59,0,0,0,0
11,60,0,0,0,0
11,61,0,0,291,0
11,62,0,0,0,0
11,63,0,0,0,0
11,64,0,0,303,0
11,65,0,0,0,0
11,66,0,0,0,0
11,67,0,0,42,0
11,68,0,0,0,0
11,69,0,0,0,0
11,70,0,0,18,0
11,71,0,0,0,0
11,72,0,0,0,0
11,73,0,0,0,0
11,74,0,0,0,0
11,75,0,0,0,0
11,76,0,0,6,0
11,77,0,0,0,0
11,78,0,0,0,0
11,79,0,0,0,0
11,80,0,0,0,0
11,81,0,0,0,0
11,82,0,0,0,0
11,83,0,0,0,0
11,84,0,0,0,0
11,85,0,0,0,0
11,86,0,0,0,0
11,87,0,0,0,0
11,88,0,0,0,0
11,89,0,0,0,0
11,90,0,0,0,0
11,91,0,0,0,0
11,92,0,0,0,0
11,93,0,0,0,0
11,94,0,0,0,0
11,95,0,0,0,0
11,96,0,0,0,0
11,97,0,0,0,0
11,98,0,0,0,0
11,99,0,0,0,0
11,100,0,0,0,0
11,101,0,0,0,0
11,102,0,0,0,0
11,103,0,0,0,0
11,104,0,0,0,0
11,105,0,0,0,0
11,106,0,0,0,0
11,107,0,0,0,0
11,108,0,0,0,0
11,109,0,0,0,0
11,110,0,0,0,0
11,111,0,0,0,0
11,112,0,0,0,0
11,113,0,0,0,0
11,114,0,0,0,0
11,115,0,0,0,0
11,116,0,0,0,0
11,117,0,0,0,0
11,118,0,0,0,0
11,119,0,0,0,0
11,120,0,0,0,0
11,121,0,0,0,0
11,122,0,0,0,0
11,123,0,0,0,0
11,124,0,0,0,0
